類別,盛產月份,名稱,品種名稱,主要生產-縣市別,主要生產-鄉鎮市別
蔬菜,1,青蔥,日蔥,宜蘭縣,壯圍鄉
蔬菜,1,洋蔥,早玉、勝早玉、德州505，606，806號等,彰化縣,伸港鄉
蔬菜,1,洋蔥,早玉、勝早玉、德州505，606，806號等,彰化縣,大城鄉
蔬菜,1,洋蔥,早玉、勝早玉、德州505，606，806號等,屏東縣,枋山鄉
蔬菜,1,洋蔥,早玉、勝早玉、德州505，606，806號等,屏東縣,恆春鎮
蔬菜,1,洋蔥,早玉、勝早玉、德州505，606，806號等,屏東縣,車城鄉
蔬菜,1,菇類,香菇,桃園縣,復興鄉
蔬菜,1,菇類,香菇,台中市,新社區
蔬菜,1,菇類,香菇,南投縣,埔里鎮
蔬菜,1,菇類,香菇,南投縣,水里鄉
蔬菜,1,菇類,香菇,南投縣,魚池鄉
蔬菜,1,菇類,香菇,南投縣,竹山鎮
蔬菜,1,菇類,香菇,花蓮縣,富里鄉
蔬菜,1,菇類,金針菇,台中市,霧峰區
蔬菜,1,菇類,金針菇,彰化縣,溪湖鎮
蔬菜,1,菇類,金針菇,南投縣,草屯鎮
蔬菜,1,菇類,杏鮑菇,台中市,新社區
蔬菜,1,菇類,杏鮑菇,台中市,霧峰區
蔬菜,1,菇類,杏鮑菇,彰化縣,埔心鄉
蔬菜,1,菇類,杏鮑菇,彰化縣,大村鄉
蔬菜,1,菇類,杏鮑菇,南投縣,埔里鎮
蔬菜,1,菇類,杏鮑菇,南投縣,魚池鄉
蔬菜,1,甘藍,初秋,彰化縣,溪湖鎮
蔬菜,1,甘藍,初秋,彰化縣,竹塘鄉
蔬菜,1,甘藍,初秋,彰化縣,大城鄉
蔬菜,1,甘藍,初秋,雲林縣,元長鄉
蔬菜,1,甘藍,初秋,雲林縣,土庫鎮
蔬菜,1,甘藍,初秋,雲林縣,褒忠鄉
蔬菜,1,甘藍,初秋,雲林縣,崙背鄉
蔬菜,1,甘藍,初秋,雲林縣,水林鄉
蔬菜,1,甘藍,初秋,雲林縣,四湖鄉
蔬菜,1,甘藍,初秋,嘉義縣,鹿草鄉
蔬菜,1,甘藍,初秋,嘉義縣,六腳鄉
蔬菜,1,甘藍,初秋,嘉義縣,新港鄉
蔬菜,1,甘藍,初秋,嘉義縣,義竹鄉
蔬菜,1,結球白菜,早春及28號,彰化縣,埔心鄉
蔬菜,1,結球白菜,早春及28號,彰化縣,溪湖鎮
蔬菜,1,結球白菜,早春及28號,彰化縣,埔鹽鄉
蔬菜,1,結球白菜,早春及28號,彰化縣,竹塘鄉
蔬菜,1,結球白菜,早春及28號,彰化縣,大城鄉
蔬菜,1,結球白菜,早春及28號,雲林縣,竹塘鄉
蔬菜,1,結球白菜,早春及28號,雲林縣,二崙鄉
蔬菜,1,結球白菜,早春及28號,雲林縣,水林鄉
蔬菜,1,結球白菜,早春及28號,雲林縣,四湖鄉
蔬菜,1,結球白菜,早春及28號,雲林縣,元長鄉
蔬菜,1,結球白菜,早春及28號,雲林縣,崙背鄉
蔬菜,1,結球白菜,早春及28號,雲林縣,西螺鎮
蔬菜,1,結球白菜,早春及28號,雲林縣,土庫鎮
蔬菜,1,結球白菜,早春及28號,嘉義縣,新港鄉
蔬菜,1,結球白菜,早春及28號,嘉義縣,六腳鄉
蔬菜,1,花椰菜,75號、80號及冬防種,苗栗縣,後龍鎮
蔬菜,1,花椰菜,75號、80號及冬防種,彰化縣,鹿港鎮
蔬菜,1,花椰菜,75號、80號及冬防種,彰化縣,竹塘鄉
蔬菜,1,花椰菜,75號、80號及冬防種,彰化縣,埤頭鄉
蔬菜,1,花椰菜,75號、80號及冬防種,彰化縣,溪湖鎮
蔬菜,1,花椰菜,75號、80號及冬防種,彰化縣,永靖鄉
蔬菜,1,花椰菜,75號、80號及冬防種,彰化縣,大城鄉
蔬菜,1,花椰菜,75號、80號及冬防種,雲林縣,大埤鄉
蔬菜,1,花椰菜,75號、80號及冬防種,雲林縣,西螺鎮
蔬菜,1,花椰菜,75號、80號及冬防種,雲林縣,二崙鄉
蔬菜,1,花椰菜,75號、80號及冬防種,嘉義縣,新港鄉
蔬菜,1,花椰菜,75號、80號及冬防種,嘉義縣,六腳鄉
蔬菜,1,花椰菜,75號、80號及冬防種,台南市,安南區
蔬菜,1,花椰菜,75號、80號及冬防種,高雄市,路竹區
蔬菜,1,花椰菜,75號、80號及冬防種,高雄市,楠梓區
蔬菜,1,結球萵苣,3號及6號,彰化縣,埤頭鄉
蔬菜,1,結球萵苣,3號及6號,彰化縣,竹塘鄉
蔬菜,1,結球萵苣,3號及6號,彰化縣,大城鄉
蔬菜,1,結球萵苣,3號及6號,彰化縣,溪湖鎮
蔬菜,1,結球萵苣,3號及6號,雲林縣,土庫鎮
蔬菜,1,結球萵苣,3號及6號,雲林縣,二崙鄉
蔬菜,1,結球萵苣,3號及6號,雲林縣,元長鄉
蔬菜,1,結球萵苣,3號及6號,雲林縣,西螺鎮
蔬菜,1,結球萵苣,3號及6號,雲林縣,崙背鄉
蔬菜,1,蘿蔔,板葉種、裂葉種及櫻桃蘿蔔,彰化縣,二林鎮
蔬菜,1,蘿蔔,板葉種、裂葉種及櫻桃蘿蔔,彰化縣,芳苑鄉
蔬菜,1,蘿蔔,板葉種、裂葉種及櫻桃蘿蔔,彰化縣,福興鄉
蔬菜,1,蘿蔔,板葉種、裂葉種及櫻桃蘿蔔,南投縣,埔里鎮
蔬菜,1,蘿蔔,板葉種、裂葉種及櫻桃蘿蔔,雲林縣,台西鄉
蔬菜,1,蘿蔔,板葉種、裂葉種及櫻桃蘿蔔,嘉義縣,布袋鎮
蔬菜,1,胡蘿蔔,新黑田五寸、五寸、向陽、理想,彰化縣,芳苑鄉
蔬菜,1,胡蘿蔔,新黑田五寸、五寸、向陽、理想,雲林縣,四湖鄉
蔬菜,1,胡蘿蔔,新黑田五寸、五寸、向陽、理想,雲林縣,東勢鄉
蔬菜,1,胡蘿蔔,新黑田五寸、五寸、向陽、理想,台南市,佳里區
蔬菜,1,胡蘿蔔,新黑田五寸、五寸、向陽、理想,台南市,西港區
蔬菜,1,胡蘿蔔,新黑田五寸、五寸、向陽、理想,台南市,將軍區
蔬菜,1,甜瓜,網紋甜瓜、光皮甜瓜、哈密瓜、東方甜瓜,雲林縣,崙背鄉
蔬菜,1,甜瓜,網紋甜瓜、光皮甜瓜、哈密瓜、東方甜瓜,台南市,後壁區
蔬菜,1,甜瓜,網紋甜瓜、光皮甜瓜、哈密瓜、東方甜瓜,台南市,東山區
蔬菜,1,甜瓜,網紋甜瓜、光皮甜瓜、哈密瓜、東方甜瓜,台南市,七股區
蔬菜,1,甜瓜,網紋甜瓜、光皮甜瓜、哈密瓜、東方甜瓜,高雄市,路竹區
蔬菜,1,胡瓜,清綠、飛燕、春燕、喜燕,苗栗縣,大湖鄉
蔬菜,1,胡瓜,清綠、飛燕、春燕、喜燕,高雄市,大寮區
蔬菜,1,胡瓜,清綠、飛燕、春燕、喜燕,高雄市,美濃區
蔬菜,1,胡瓜,清綠、飛燕、春燕、喜燕,屏東縣,九如鄉
蔬菜,1,胡瓜,清綠、飛燕、春燕、喜燕,屏東縣,里港鄉
蔬菜,1,胡瓜,清綠、飛燕、春燕、喜燕,屏東縣,高樹鄉
蔬菜,1,豌豆,台中11、13號,彰化縣,芳苑鄉
蔬菜,1,豌豆,台中11、13號,彰化縣,二林鎮
蔬菜,1,豌豆,台中11、13號,彰化縣,竹塘鄉
蔬菜,1,甜椒,藍星、銘星、天王星、麗妃,南投縣,信義鄉
蔬菜,1,甜椒,藍星、銘星、天王星、麗妃,南投縣,仁愛鄉
蔬菜,1,甜椒,藍星、銘星、天王星、麗妃,南投縣,埔里鎮
蔬菜,1,甜椒,藍星、銘星、天王星、麗妃,雲林縣,莿桐鄉
蔬菜,1,甜椒,藍星、銘星、天王星、麗妃,高雄市,美濃區
蔬菜,1,甜椒,藍星、銘星、天王星、麗妃,屏東縣,高樹鄉
蔬菜,1,辣椒,萬家香、麗香,彰化縣,芳苑鄉
蔬菜,1,辣椒,萬家香、麗香,嘉義縣,新港鄉
蔬菜,1,辣椒,萬家香、麗香,高雄市,美濃區
蔬菜,1,辣椒,萬家香、麗香,屏東縣,高樹鄉
蔬菜,1,辣椒,萬家香、麗香,屏東縣,鹽埔鄉
蔬菜,1,辣椒,萬家香、麗香,花蓮縣,鳳林鎮
蔬菜,1,番茄,大果番茄、小果番茄、加工番茄,南投縣,信義鄉
蔬菜,1,番茄,大果番茄、小果番茄、加工番茄,雲林縣,崙背鄉
蔬菜,1,番茄,大果番茄、小果番茄、加工番茄,嘉義縣,民雄鄉
蔬菜,1,番茄,大果番茄、小果番茄、加工番茄,嘉義縣,六腳鄉
蔬菜,1,番茄,大果番茄、小果番茄、加工番茄,嘉義縣,太保市
蔬菜,1,番茄,大果番茄、小果番茄、加工番茄,高雄市,路竹區
蔬菜,1,菠菜,西螺一號、西螺大葉、清風、綠湖、梨山菠菜,台中市,和平區
蔬菜,1,菠菜,西螺一號、西螺大葉、清風、綠湖、梨山菠菜,南投縣,仁愛鄉
蔬菜,1,菠菜,西螺一號、西螺大葉、清風、綠湖、梨山菠菜,雲林縣,西螺鎮
蔬菜,1,菠菜,西螺一號、西螺大葉、清風、綠湖、梨山菠菜,雲林縣,二崙鄉
蔬菜,1,菠菜,西螺一號、西螺大葉、清風、綠湖、梨山菠菜,雲林縣,元長鄉
蔬菜,1,芥菜,包心芥菜,苗栗縣,西湖鄉
蔬菜,1,芥菜,包心芥菜,苗栗縣,公館鄉
蔬菜,1,芥菜,包心芥菜,彰化縣,大城鄉
蔬菜,1,芥菜,包心芥菜,彰化縣,竹塘鄉
蔬菜,1,芥菜,包心芥菜,雲林縣,斗南鎮
蔬菜,1,芥菜,包心芥菜,雲林縣,虎尾鎮
蔬菜,1,芥菜,包心芥菜,雲林縣,大埤鄉
蔬菜,1,芥菜,包心芥菜,雲林縣,二崙鄉
蔬菜,1,芥菜,包心芥菜,雲林縣,西螺鎮
蔬菜,1,芥菜,包心芥菜,嘉義縣,太保市
蔬菜,1,芥菜,包心芥菜,嘉義縣,朴子市
蔬菜,1,芥菜,包心芥菜,嘉義縣,水上鄉
蔬菜,1,芥菜,包心芥菜,嘉義縣,新港鄉
蔬菜,1,芥菜,包心芥菜,嘉義縣,民雄鄉
蔬菜,1,芥菜,包心芥菜,嘉義縣,大林鎮
蔬菜,1,芥菜,包心芥菜,台南市,下營區
蔬菜,1,芥菜,包心芥菜,台南市,白河區
蔬菜,2,大蒜,和美種,彰化縣,伸港鄉
蔬菜,2,大蒜,和美種,雲林縣,麥寮鄉
蔬菜,2,大蒜,和美種,雲林縣,東勢鄉
蔬菜,2,大蒜,和美種,雲林縣,台西鄉
蔬菜,2,大蒜,和美種,台南市,七股區
蔬菜,2,大蒜,和美種,台南市,安南區
蔬菜,2,青蔥,日蔥,宜蘭縣,壯圍鄉
蔬菜,2,洋蔥,早玉、勝早玉、德州505，606，806號等,彰化縣,伸港鄉
蔬菜,2,洋蔥,早玉、勝早玉、德州505，606，806號等,彰化縣,大城鄉
蔬菜,2,洋蔥,早玉、勝早玉、德州505，606，806號等,屏東縣,車城鄉
蔬菜,2,洋蔥,早玉、勝早玉、德州505，606，806號等,屏東縣,恆春鎮
蔬菜,2,洋蔥,早玉、勝早玉、德州505，606，806號等,屏東縣,枋山鄉
蔬菜,2,菇類,香菇,桃園縣,復興鄉
蔬菜,2,菇類,香菇,台中市,新社區
蔬菜,2,菇類,香菇,南投縣,魚池鄉
蔬菜,2,菇類,香菇,南投縣,竹山鎮
蔬菜,2,菇類,香菇,南投縣,埔里鎮
蔬菜,2,菇類,香菇,南投縣,水里鄉
蔬菜,2,菇類,香菇,花蓮縣,富里鄉
蔬菜,2,菇類,金針菇,台中市,霧峰區
蔬菜,2,菇類,金針菇,彰化縣,溪湖鎮
蔬菜,2,菇類,金針菇,南投縣,草屯鎮
蔬菜,2,菇類,杏鮑菇,台中市,新社區
蔬菜,2,菇類,杏鮑菇,台中市,霧峰區
蔬菜,2,菇類,杏鮑菇,彰化縣,埔心鄉
蔬菜,2,菇類,杏鮑菇,彰化縣,大村鄉
蔬菜,2,菇類,杏鮑菇,南投縣,埔里鎮
蔬菜,2,菇類,杏鮑菇,南投縣,魚池鄉
蔬菜,2,甘藍,初秋,彰化縣,溪湖鎮
蔬菜,2,甘藍,初秋,彰化縣,竹塘鄉
蔬菜,2,甘藍,初秋,彰化縣,大城鄉
蔬菜,2,甘藍,初秋,雲林縣,元長鄉
蔬菜,2,甘藍,初秋,雲林縣,土庫鎮
蔬菜,2,甘藍,初秋,雲林縣,褒忠鄉
蔬菜,2,甘藍,初秋,雲林縣,崙背鄉
蔬菜,2,甘藍,初秋,雲林縣,四湖鄉
蔬菜,2,甘藍,初秋,雲林縣,水林鄉
蔬菜,2,甘藍,初秋,嘉義縣,鹿草鄉
蔬菜,2,甘藍,初秋,嘉義縣,六腳鄉
蔬菜,2,甘藍,初秋,嘉義縣,新港鄉
蔬菜,2,甘藍,初秋,嘉義縣,義竹鄉
蔬菜,2,結球白菜,早春及28號,彰化縣,埔心鄉
蔬菜,2,結球白菜,早春及28號,彰化縣,溪湖鎮
蔬菜,2,結球白菜,早春及28號,彰化縣,埔鹽鄉
蔬菜,2,結球白菜,早春及28號,彰化縣,竹塘鄉
蔬菜,2,結球白菜,早春及28號,彰化縣,大城鄉
蔬菜,2,結球白菜,早春及28號,雲林縣,竹塘鄉
蔬菜,2,結球白菜,早春及28號,雲林縣,水林鄉
蔬菜,2,結球白菜,早春及28號,雲林縣,二崙鄉
蔬菜,2,結球白菜,早春及28號,雲林縣,四湖鄉
蔬菜,2,結球白菜,早春及28號,雲林縣,元長鄉
蔬菜,2,結球白菜,早春及28號,雲林縣,崙背鄉
蔬菜,2,結球白菜,早春及28號,雲林縣,西螺鎮
蔬菜,2,結球白菜,早春及28號,雲林縣,土庫鎮
蔬菜,2,結球白菜,早春及28號,嘉義縣,新港鄉
蔬菜,2,結球白菜,早春及28號,嘉義縣,六腳鄉
蔬菜,2,花椰菜,75號、80號及冬防種,苗栗縣,後龍鎮
蔬菜,2,花椰菜,75號、80號及冬防種,彰化縣,鹿港鎮
蔬菜,2,花椰菜,75號、80號及冬防種,彰化縣,竹塘鄉
蔬菜,2,花椰菜,75號、80號及冬防種,彰化縣,埤頭鄉
蔬菜,2,花椰菜,75號、80號及冬防種,彰化縣,溪湖鎮
蔬菜,2,花椰菜,75號、80號及冬防種,彰化縣,永靖鄉
蔬菜,2,花椰菜,75號、80號及冬防種,彰化縣,大城鄉
蔬菜,2,花椰菜,75號、80號及冬防種,雲林縣,大埤鄉
蔬菜,2,花椰菜,75號、80號及冬防種,雲林縣,西螺鎮
蔬菜,2,花椰菜,75號、80號及冬防種,雲林縣,二崙鄉
蔬菜,2,花椰菜,75號、80號及冬防種,嘉義縣,新港鄉
蔬菜,2,花椰菜,75號、80號及冬防種,嘉義縣,六腳鄉
蔬菜,2,花椰菜,75號、80號及冬防種,台南市,安南區
蔬菜,2,花椰菜,75號、80號及冬防種,高雄市,路竹區
蔬菜,2,花椰菜,75號、80號及冬防種,高雄市,楠梓區
蔬菜,2,結球萵苣,3號及6號,彰化縣,埤頭鄉
蔬菜,2,結球萵苣,3號及6號,彰化縣,竹塘鄉
蔬菜,2,結球萵苣,3號及6號,彰化縣,大城鄉
蔬菜,2,結球萵苣,3號及6號,彰化縣,溪湖鎮
蔬菜,2,結球萵苣,3號及6號,雲林縣,土庫鎮
蔬菜,2,結球萵苣,3號及6號,雲林縣,二崙鄉
蔬菜,2,結球萵苣,3號及6號,雲林縣,元長鄉
蔬菜,2,結球萵苣,3號及6號,雲林縣,西螺鎮
蔬菜,2,結球萵苣,3號及6號,雲林縣,崙背鄉
蔬菜,2,蘿蔔,板葉種、裂葉種及櫻桃蘿蔔,彰化縣,二林鎮
蔬菜,2,蘿蔔,板葉種、裂葉種及櫻桃蘿蔔,彰化縣,芳苑鄉
蔬菜,2,蘿蔔,板葉種、裂葉種及櫻桃蘿蔔,彰化縣,福興鄉
蔬菜,2,蘿蔔,板葉種、裂葉種及櫻桃蘿蔔,南投縣,埔里鎮
蔬菜,2,蘿蔔,板葉種、裂葉種及櫻桃蘿蔔,雲林縣,台西鄉
蔬菜,2,蘿蔔,板葉種、裂葉種及櫻桃蘿蔔,嘉義縣,布袋鎮
蔬菜,2,胡蘿蔔,新黑田五寸、五寸、向陽、理想,彰化縣,芳苑鄉
蔬菜,2,胡蘿蔔,新黑田五寸、五寸、向陽、理想,雲林縣,四湖鄉
蔬菜,2,胡蘿蔔,新黑田五寸、五寸、向陽、理想,雲林縣,東勢鄉
蔬菜,2,胡蘿蔔,新黑田五寸、五寸、向陽、理想,台南市,佳里區
蔬菜,2,胡蘿蔔,新黑田五寸、五寸、向陽、理想,台南市,西港區
蔬菜,2,胡蘿蔔,新黑田五寸、五寸、向陽、理想,台南市,將軍區
蔬菜,2,甜瓜,網紋甜瓜、光皮甜瓜、哈密瓜、東方甜瓜,雲林縣,崙背鄉
蔬菜,2,甜瓜,網紋甜瓜、光皮甜瓜、哈密瓜、東方甜瓜,台南市,七股區
蔬菜,2,甜瓜,網紋甜瓜、光皮甜瓜、哈密瓜、東方甜瓜,台南市,後壁區
蔬菜,2,甜瓜,網紋甜瓜、光皮甜瓜、哈密瓜、東方甜瓜,台南市,東山區
蔬菜,2,甜瓜,網紋甜瓜、光皮甜瓜、哈密瓜、東方甜瓜,高雄市,路竹區
蔬菜,2,胡瓜,清綠、飛燕、春燕、喜燕,苗栗縣,大湖鄉
蔬菜,2,胡瓜,清綠、飛燕、春燕、喜燕,高雄市,大寮區
蔬菜,2,胡瓜,清綠、飛燕、春燕、喜燕,高雄市,美濃區
蔬菜,2,胡瓜,清綠、飛燕、春燕、喜燕,屏東縣,里港鄉
蔬菜,2,胡瓜,清綠、飛燕、春燕、喜燕,屏東縣,九如鄉
蔬菜,2,胡瓜,清綠、飛燕、春燕、喜燕,屏東縣,高樹鄉
蔬菜,2,豌豆,台中11、13號,彰化縣,芳苑鄉
蔬菜,2,豌豆,台中11、13號,彰化縣,二林鎮
蔬菜,2,豌豆,台中11、13號,彰化縣,竹塘鄉
蔬菜,2,毛豆,高雄選1-9號,彰化縣,芳苑鄉
蔬菜,2,毛豆,高雄選1-9號,彰化縣,大城鄉
蔬菜,2,毛豆,高雄選1-9號,雲林縣,東勢鄉
蔬菜,2,毛豆,高雄選1-9號,雲林縣,四湖鄉
蔬菜,2,毛豆,高雄選1-9號,雲林縣,元長鄉
蔬菜,2,毛豆,高雄選1-9號,屏東縣,鹽埔鄉
蔬菜,2,甜椒,藍星、銘星、天王星、麗妃,南投縣,信義鄉
蔬菜,2,甜椒,藍星、銘星、天王星、麗妃,南投縣,仁愛鄉
蔬菜,2,甜椒,藍星、銘星、天王星、麗妃,南投縣,埔里鎮
蔬菜,2,甜椒,藍星、銘星、天王星、麗妃,雲林縣,莿桐鄉
蔬菜,2,甜椒,藍星、銘星、天王星、麗妃,高雄市,美濃區
蔬菜,2,甜椒,藍星、銘星、天王星、麗妃,屏東縣,高樹鄉
蔬菜,2,辣椒,萬家香、麗香,彰化縣,芳苑鄉
蔬菜,2,辣椒,萬家香、麗香,嘉義縣,新港鄉
蔬菜,2,辣椒,萬家香、麗香,高雄市,美濃區
蔬菜,2,辣椒,萬家香、麗香,屏東縣,鹽埔鄉
蔬菜,2,辣椒,萬家香、麗香,屏東縣,高樹鄉
蔬菜,2,辣椒,萬家香、麗香,花蓮縣,鳳林鎮
蔬菜,2,番茄,大果番茄、小果番茄、加工番茄,南投縣,信義鄉
蔬菜,2,番茄,大果番茄、小果番茄、加工番茄,雲林縣,崙背鄉
蔬菜,2,番茄,大果番茄、小果番茄、加工番茄,嘉義縣,民雄鄉
蔬菜,2,番茄,大果番茄、小果番茄、加工番茄,嘉義縣,六腳鄉
蔬菜,2,番茄,大果番茄、小果番茄、加工番茄,嘉義縣,太保市
蔬菜,2,番茄,大果番茄、小果番茄、加工番茄,高雄市,路竹區
蔬菜,2,菠菜,西螺一號、西螺大葉、清風、綠湖、梨山菠菜,台中市,和平區
蔬菜,2,菠菜,西螺一號、西螺大葉、清風、綠湖、梨山菠菜,南投縣,仁愛鄉
蔬菜,2,菠菜,西螺一號、西螺大葉、清風、綠湖、梨山菠菜,雲林縣,西螺鎮
蔬菜,2,菠菜,西螺一號、西螺大葉、清風、綠湖、梨山菠菜,雲林縣,二崙鄉
蔬菜,2,菠菜,西螺一號、西螺大葉、清風、綠湖、梨山菠菜,雲林縣,元長鄉
蔬菜,2,芥菜,包心芥菜,苗栗縣,公館鄉
蔬菜,2,芥菜,包心芥菜,苗栗縣,西湖鄉
蔬菜,2,芥菜,包心芥菜,彰化縣,大城鄉
蔬菜,2,芥菜,包心芥菜,彰化縣,竹塘鄉
蔬菜,2,芥菜,包心芥菜,雲林縣,斗南鎮
蔬菜,2,芥菜,包心芥菜,雲林縣,大埤鄉
蔬菜,2,芥菜,包心芥菜,雲林縣,虎尾鎮
蔬菜,2,芥菜,包心芥菜,雲林縣,二崙鄉
蔬菜,2,芥菜,包心芥菜,雲林縣,西螺鎮
蔬菜,2,芥菜,包心芥菜,嘉義縣,太保市
蔬菜,2,芥菜,包心芥菜,嘉義縣,朴子市
蔬菜,2,芥菜,包心芥菜,嘉義縣,水上鄉
蔬菜,2,芥菜,包心芥菜,嘉義縣,民雄鄉
蔬菜,2,芥菜,包心芥菜,嘉義縣,新港鄉
蔬菜,2,芥菜,包心芥菜,嘉義縣,大林鎮
蔬菜,2,芥菜,包心芥菜,台南市,白河區
蔬菜,2,芥菜,包心芥菜,台南市,下營區
蔬菜,3,大蒜,和美種,彰化縣,伸港鄉
蔬菜,3,大蒜,和美種,雲林縣,麥寮鄉
蔬菜,3,大蒜,和美種,雲林縣,東勢鄉
蔬菜,3,大蒜,和美種,雲林縣,台西鄉
蔬菜,3,大蒜,和美種,台南市,七股區
蔬菜,3,大蒜,和美種,台南市,安南區
蔬菜,3,大蒜,大片黑,雲林縣,麥寮鄉
蔬菜,3,大蒜,大片黑,雲林縣,莿桐鄉
蔬菜,3,大蒜,大片黑,雲林縣,北港鎮
蔬菜,3,大蒜,大片黑,雲林縣,水林鄉
蔬菜,3,大蒜,大片黑,雲林縣,元長鄉
蔬菜,3,大蒜,大片黑,雲林縣,四湖鄉
蔬菜,3,大蒜,大片黑,雲林縣,虎尾鎮
蔬菜,3,大蒜,大片黑,雲林縣,土庫鎮
蔬菜,3,青蔥,日蔥,宜蘭縣,壯圍鄉
蔬菜,3,洋蔥,早玉、勝早玉、德州505，606，806號等,彰化縣,伸港鄉
蔬菜,3,洋蔥,早玉、勝早玉、德州505，606，806號等,彰化縣,大城鄉
蔬菜,3,洋蔥,早玉、勝早玉、德州505，606，806號等,屏東縣,車城鄉
蔬菜,3,洋蔥,早玉、勝早玉、德州505，606，806號等,屏東縣,枋山鄉
蔬菜,3,洋蔥,早玉、勝早玉、德州505，606，806號等,屏東縣,恆春鎮
蔬菜,3,菇類,香菇,桃園縣,復興鄉
蔬菜,3,菇類,香菇,台中市,新社區
蔬菜,3,菇類,香菇,南投縣,魚池鄉
蔬菜,3,菇類,香菇,南投縣,竹山鎮
蔬菜,3,菇類,香菇,南投縣,埔里鎮
蔬菜,3,菇類,香菇,南投縣,水里鄉
蔬菜,3,菇類,香菇,花蓮縣,富里鄉
蔬菜,3,菇類,金針菇,台中市,霧峰區
蔬菜,3,菇類,金針菇,彰化縣,溪湖鎮
蔬菜,3,菇類,金針菇,南投縣,草屯鎮
蔬菜,3,菇類,杏鮑菇,台中市,新社區
蔬菜,3,菇類,杏鮑菇,台中市,霧峰區
蔬菜,3,菇類,杏鮑菇,彰化縣,埔心鄉
蔬菜,3,菇類,杏鮑菇,彰化縣,大村鄉
蔬菜,3,菇類,杏鮑菇,南投縣,埔里鎮
蔬菜,3,菇類,杏鮑菇,南投縣,魚池鄉
蔬菜,3,甘藍,初秋,彰化縣,溪湖鎮
蔬菜,3,甘藍,初秋,彰化縣,竹塘鄉
蔬菜,3,甘藍,初秋,彰化縣,大城鄉
蔬菜,3,甘藍,初秋,雲林縣,元長鄉
蔬菜,3,甘藍,初秋,雲林縣,土庫鎮
蔬菜,3,甘藍,初秋,雲林縣,四湖鄉
蔬菜,3,甘藍,初秋,雲林縣,水林鄉
蔬菜,3,甘藍,初秋,雲林縣,褒忠鄉
蔬菜,3,甘藍,初秋,雲林縣,崙背鄉
蔬菜,3,甘藍,初秋,嘉義縣,鹿草鄉
蔬菜,3,甘藍,初秋,嘉義縣,六腳鄉
蔬菜,3,甘藍,初秋,嘉義縣,新港鄉
蔬菜,3,甘藍,初秋,嘉義縣,義竹鄉
蔬菜,3,結球白菜,早春及28號,彰化縣,埔心鄉
蔬菜,3,結球白菜,早春及28號,彰化縣,溪湖鎮
蔬菜,3,結球白菜,早春及28號,彰化縣,埔鹽鄉
蔬菜,3,結球白菜,早春及28號,彰化縣,竹塘鄉
蔬菜,3,結球白菜,早春及28號,彰化縣,大城鄉
蔬菜,3,結球白菜,早春及28號,雲林縣,竹塘鄉
蔬菜,3,結球白菜,早春及28號,雲林縣,崙背鄉
蔬菜,3,結球白菜,早春及28號,雲林縣,西螺鎮
蔬菜,3,結球白菜,早春及28號,雲林縣,二崙鄉
蔬菜,3,結球白菜,早春及28號,雲林縣,水林鄉
蔬菜,3,結球白菜,早春及28號,雲林縣,四湖鄉
蔬菜,3,結球白菜,早春及28號,雲林縣,元長鄉
蔬菜,3,結球白菜,早春及28號,雲林縣,土庫鎮
蔬菜,3,結球白菜,早春及28號,嘉義縣,新港鄉
蔬菜,3,結球白菜,早春及28號,嘉義縣,六腳鄉
蔬菜,3,花椰菜,75號、80號及冬防種,苗栗縣,後龍鎮
蔬菜,3,花椰菜,75號、80號及冬防種,彰化縣,鹿港鎮
蔬菜,3,花椰菜,75號、80號及冬防種,彰化縣,竹塘鄉
蔬菜,3,花椰菜,75號、80號及冬防種,彰化縣,埤頭鄉
蔬菜,3,花椰菜,75號、80號及冬防種,彰化縣,溪湖鎮
蔬菜,3,花椰菜,75號、80號及冬防種,彰化縣,永靖鄉
蔬菜,3,花椰菜,75號、80號及冬防種,彰化縣,大城鄉
蔬菜,3,花椰菜,75號、80號及冬防種,雲林縣,大埤鄉
蔬菜,3,花椰菜,75號、80號及冬防種,雲林縣,二崙鄉
蔬菜,3,花椰菜,75號、80號及冬防種,雲林縣,西螺鎮
蔬菜,3,花椰菜,75號、80號及冬防種,嘉義縣,新港鄉
蔬菜,3,花椰菜,75號、80號及冬防種,嘉義縣,六腳鄉
蔬菜,3,花椰菜,75號、80號及冬防種,台南市,安南區
蔬菜,3,花椰菜,75號、80號及冬防種,高雄市,路竹區
蔬菜,3,花椰菜,75號、80號及冬防種,高雄市,楠梓區
蔬菜,3,結球萵苣,3號及6號,彰化縣,埤頭鄉
蔬菜,3,結球萵苣,3號及6號,彰化縣,竹塘鄉
蔬菜,3,結球萵苣,3號及6號,彰化縣,大城鄉
蔬菜,3,結球萵苣,3號及6號,彰化縣,溪湖鎮
蔬菜,3,結球萵苣,3號及6號,雲林縣,土庫鎮
蔬菜,3,結球萵苣,3號及6號,雲林縣,西螺鎮
蔬菜,3,結球萵苣,3號及6號,雲林縣,崙背鄉
蔬菜,3,結球萵苣,3號及6號,雲林縣,二崙鄉
蔬菜,3,結球萵苣,3號及6號,雲林縣,元長鄉
蔬菜,3,蘿蔔,板葉種、裂葉種及櫻桃蘿蔔,彰化縣,二林鎮
蔬菜,3,蘿蔔,板葉種、裂葉種及櫻桃蘿蔔,彰化縣,芳苑鄉
蔬菜,3,蘿蔔,板葉種、裂葉種及櫻桃蘿蔔,彰化縣,福興鄉
蔬菜,3,蘿蔔,板葉種、裂葉種及櫻桃蘿蔔,南投縣,埔里鎮
蔬菜,3,蘿蔔,板葉種、裂葉種及櫻桃蘿蔔,雲林縣,台西鄉
蔬菜,3,蘿蔔,板葉種、裂葉種及櫻桃蘿蔔,嘉義縣,布袋鎮
蔬菜,3,胡蘿蔔,新黑田五寸、五寸、向陽、理想,彰化縣,芳苑鄉
蔬菜,3,胡蘿蔔,新黑田五寸、五寸、向陽、理想,雲林縣,四湖鄉
蔬菜,3,胡蘿蔔,新黑田五寸、五寸、向陽、理想,雲林縣,東勢鄉
蔬菜,3,胡蘿蔔,新黑田五寸、五寸、向陽、理想,台南市,佳里區
蔬菜,3,胡蘿蔔,新黑田五寸、五寸、向陽、理想,台南市,西港區
蔬菜,3,胡蘿蔔,新黑田五寸、五寸、向陽、理想,台南市,將軍區
蔬菜,3,茭白筍,青殼、紅殼、台中選一號,新北市,三芝區
蔬菜,3,茭白筍,青殼、紅殼、台中選一號,新北市,金山區
蔬菜,3,茭白筍,青殼、紅殼、台中選一號,南投縣,竹山鎮
蔬菜,3,茭白筍,青殼、紅殼、台中選一號,南投縣,魚池鄉
蔬菜,3,茭白筍,青殼、紅殼、台中選一號,南投縣,埔里鎮
蔬菜,3,茭白筍,青殼、紅殼、台中選一號,宜蘭縣,礁溪鄉
蔬菜,3,西瓜,紅肉大西瓜、紅肉小西瓜、普通黃肉或黃橙肉小西瓜,苗栗縣,後龍鎮
蔬菜,3,西瓜,紅肉大西瓜、紅肉小西瓜、普通黃肉或黃橙肉小西瓜,彰化縣,大城鄉
蔬菜,3,西瓜,紅肉大西瓜、紅肉小西瓜、普通黃肉或黃橙肉小西瓜,雲林縣,四湖鄉
蔬菜,3,西瓜,紅肉大西瓜、紅肉小西瓜、普通黃肉或黃橙肉小西瓜,雲林縣,二崙鄉
蔬菜,3,西瓜,紅肉大西瓜、紅肉小西瓜、普通黃肉或黃橙肉小西瓜,雲林縣,崙背鄉
蔬菜,3,西瓜,紅肉大西瓜、紅肉小西瓜、普通黃肉或黃橙肉小西瓜,屏東縣,鹽埔鄉
蔬菜,3,西瓜,紅肉大西瓜、紅肉小西瓜、普通黃肉或黃橙肉小西瓜,屏東縣,萬丹鄉
蔬菜,3,西瓜,紅肉大西瓜、紅肉小西瓜、普通黃肉或黃橙肉小西瓜,花蓮縣,壽豐鄉
蔬菜,3,西瓜,黃皮紅肉小西瓜、黃皮橙肉小西瓜、無子西瓜,苗栗縣,後龍鎮
蔬菜,3,西瓜,黃皮紅肉小西瓜、黃皮橙肉小西瓜、無子西瓜,彰化縣,大城鄉
蔬菜,3,西瓜,黃皮紅肉小西瓜、黃皮橙肉小西瓜、無子西瓜,雲林縣,崙背鄉
蔬菜,3,西瓜,黃皮紅肉小西瓜、黃皮橙肉小西瓜、無子西瓜,雲林縣,二崙鄉
蔬菜,3,西瓜,黃皮紅肉小西瓜、黃皮橙肉小西瓜、無子西瓜,雲林縣,四湖鄉
蔬菜,3,西瓜,黃皮紅肉小西瓜、黃皮橙肉小西瓜、無子西瓜,屏東縣,鹽埔鄉
蔬菜,3,西瓜,黃皮紅肉小西瓜、黃皮橙肉小西瓜、無子西瓜,屏東縣,萬丹鄉
蔬菜,3,西瓜,黃皮紅肉小西瓜、黃皮橙肉小西瓜、無子西瓜,花蓮縣,鳳林鎮
蔬菜,3,西瓜,黃皮紅肉小西瓜、黃皮橙肉小西瓜、無子西瓜,花蓮縣,壽豐鄉
蔬菜,3,甜瓜,網紋甜瓜、光皮甜瓜、哈密瓜、東方甜瓜,雲林縣,崙背鄉
蔬菜,3,甜瓜,網紋甜瓜、光皮甜瓜、哈密瓜、東方甜瓜,台南市,七股區
蔬菜,3,甜瓜,網紋甜瓜、光皮甜瓜、哈密瓜、東方甜瓜,台南市,後壁區
蔬菜,3,甜瓜,網紋甜瓜、光皮甜瓜、哈密瓜、東方甜瓜,台南市,東山區
蔬菜,3,甜瓜,網紋甜瓜、光皮甜瓜、哈密瓜、東方甜瓜,高雄市,路竹區
蔬菜,3,胡瓜,清綠、飛燕、春燕、喜燕,苗栗縣,大湖鄉
蔬菜,3,胡瓜,清綠、飛燕、春燕、喜燕,高雄市,大寮區
蔬菜,3,胡瓜,清綠、飛燕、春燕、喜燕,高雄市,美濃區
蔬菜,3,胡瓜,清綠、飛燕、春燕、喜燕,屏東縣,九如鄉
蔬菜,3,胡瓜,清綠、飛燕、春燕、喜燕,屏東縣,里港鄉
蔬菜,3,胡瓜,清綠、飛燕、春燕、喜燕,屏東縣,高樹鄉
蔬菜,3,苦瓜,月華、高月、農友2號,台中市,新社區
蔬菜,3,苦瓜,月華、高月、農友2號,彰化縣,二林鎮
蔬菜,3,苦瓜,月華、高月、農友2號,屏東縣,里港鄉
蔬菜,3,苦瓜,月華、高月、農友2號,屏東縣,高樹鄉
蔬菜,3,苦瓜,月華、高月、農友2號,屏東縣,九如鄉
蔬菜,3,苦瓜,月華、高月、農友2號,屏東縣,萬丹鄉
蔬菜,3,絲瓜,東光、七美、七喜,南投縣,埔里鎮
蔬菜,3,絲瓜,東光、七美、七喜,台南市,東山區
蔬菜,3,絲瓜,東光、七美、七喜,高雄市,大社區
蔬菜,3,絲瓜,東光、七美、七喜,屏東縣,萬丹鄉
蔬菜,3,絲瓜,東光、七美、七喜,屏東縣,里港鄉
蔬菜,3,絲瓜,東光、七美、七喜,屏東縣,高樹鄉
蔬菜,3,茄子,屏東長茄、麻薯長茄、紅娘,雲林縣,林內鄉
蔬菜,3,茄子,屏東長茄、麻薯長茄、紅娘,屏東縣,高樹鄉
蔬菜,3,茄子,屏東長茄、麻薯長茄、紅娘,屏東縣,鹽埔鄉
蔬菜,3,茄子,屏東長茄、麻薯長茄、紅娘,屏東縣,里港鄉
蔬菜,3,茄子,屏東長茄、麻薯長茄、紅娘,屏東縣,九如鄉
蔬菜,3,茄子,屏東長茄、麻薯長茄、紅娘,屏東縣,屏東市
蔬菜,3,長豇(菜)豆,綠衣、紫衣、台中一號、白雪,高雄市,美濃區
蔬菜,3,長豇(菜)豆,綠衣、紫衣、台中一號、白雪,屏東縣,萬丹鄉
蔬菜,3,長豇(菜)豆,綠衣、紫衣、台中一號、白雪,屏東縣,鹽埔鄉
蔬菜,3,長豇(菜)豆,綠衣、紫衣、台中一號、白雪,屏東縣,九如鄉
蔬菜,3,長豇(菜)豆,綠衣、紫衣、台中一號、白雪,屏東縣,里港鄉
蔬菜,3,長豇(菜)豆,綠衣、紫衣、台中一號、白雪,屏東縣,高樹鄉
蔬菜,3,豌豆,台中11、13號,彰化縣,竹塘鄉
蔬菜,3,豌豆,台中11、13號,彰化縣,二林鎮
蔬菜,3,豌豆,台中11、13號,彰化縣,芳苑鄉
蔬菜,3,毛豆,高雄選1-9號,彰化縣,芳苑鄉
蔬菜,3,毛豆,高雄選1-9號,彰化縣,大城鄉
蔬菜,3,毛豆,高雄選1-9號,雲林縣,東勢鄉
蔬菜,3,毛豆,高雄選1-9號,雲林縣,元長鄉
蔬菜,3,毛豆,高雄選1-9號,雲林縣,四湖鄉
蔬菜,3,毛豆,高雄選1-9號,屏東縣,鹽埔鄉
蔬菜,3,甜椒,藍星、銘星、天王星、麗妃,南投縣,信義鄉
蔬菜,3,甜椒,藍星、銘星、天王星、麗妃,南投縣,仁愛鄉
蔬菜,3,甜椒,藍星、銘星、天王星、麗妃,南投縣,埔里鎮
蔬菜,3,甜椒,藍星、銘星、天王星、麗妃,雲林縣,莿桐鄉
蔬菜,3,甜椒,藍星、銘星、天王星、麗妃,高雄市,美濃區
蔬菜,3,甜椒,藍星、銘星、天王星、麗妃,屏東縣,高樹鄉
蔬菜,3,辣椒,萬家香、麗香,彰化縣,芳苑鄉
蔬菜,3,辣椒,萬家香、麗香,嘉義縣,新港鄉
蔬菜,3,辣椒,萬家香、麗香,高雄市,美濃區
蔬菜,3,辣椒,萬家香、麗香,屏東縣,高樹鄉
蔬菜,3,辣椒,萬家香、麗香,屏東縣,鹽埔鄉
蔬菜,3,辣椒,萬家香、麗香,花蓮縣,鳳林鎮
蔬菜,3,番茄,大果番茄、小果番茄、加工番茄,南投縣,信義鄉
蔬菜,3,番茄,大果番茄、小果番茄、加工番茄,雲林縣,崙背鄉
蔬菜,3,番茄,大果番茄、小果番茄、加工番茄,嘉義縣,民雄鄉
蔬菜,3,番茄,大果番茄、小果番茄、加工番茄,嘉義縣,六腳鄉
蔬菜,3,番茄,大果番茄、小果番茄、加工番茄,嘉義縣,太保市
蔬菜,3,番茄,大果番茄、小果番茄、加工番茄,高雄市,路竹區
蔬菜,3,菠菜,西螺一號、西螺大葉、清風、綠湖、梨山菠菜,台中市,和平區
蔬菜,3,菠菜,西螺一號、西螺大葉、清風、綠湖、梨山菠菜,南投縣,仁愛鄉
蔬菜,3,菠菜,西螺一號、西螺大葉、清風、綠湖、梨山菠菜,雲林縣,西螺鎮
蔬菜,3,菠菜,西螺一號、西螺大葉、清風、綠湖、梨山菠菜,雲林縣,二崙鄉
蔬菜,3,菠菜,西螺一號、西螺大葉、清風、綠湖、梨山菠菜,雲林縣,元長鄉
蔬菜,4,大蒜,大片黑,雲林縣,北港鎮
蔬菜,4,大蒜,大片黑,雲林縣,水林鄉
蔬菜,4,大蒜,大片黑,雲林縣,四湖鄉
蔬菜,4,大蒜,大片黑,雲林縣,元長鄉
蔬菜,4,大蒜,大片黑,雲林縣,莿桐鄉
蔬菜,4,大蒜,大片黑,雲林縣,麥寮鄉
蔬菜,4,大蒜,大片黑,雲林縣,土庫鎮
蔬菜,4,大蒜,大片黑,雲林縣,虎尾鎮
蔬菜,4,青蔥,日蔥,宜蘭縣,壯圍鄉
蔬菜,4,洋蔥,早玉、勝早玉、德州505，606，806號等,彰化縣,伸港鄉
蔬菜,4,洋蔥,早玉、勝早玉、德州505，606，806號等,彰化縣,大城鄉
蔬菜,4,洋蔥,早玉、勝早玉、德州505，606，806號等,屏東縣,枋山鄉
蔬菜,4,洋蔥,早玉、勝早玉、德州505，606，806號等,屏東縣,恆春鎮
蔬菜,4,洋蔥,早玉、勝早玉、德州505，606，806號等,屏東縣,車城鄉
蔬菜,4,菇類,香菇,桃園縣,復興鄉
蔬菜,4,菇類,香菇,台中市,新社區
蔬菜,4,菇類,香菇,南投縣,魚池鄉
蔬菜,4,菇類,香菇,南投縣,竹山鎮
蔬菜,4,菇類,香菇,南投縣,埔里鎮
蔬菜,4,菇類,香菇,南投縣,水里鄉
蔬菜,4,菇類,香菇,花蓮縣,富里鄉
蔬菜,4,菇類,金針菇,台中市,霧峰區
蔬菜,4,菇類,金針菇,彰化縣,溪湖鎮
蔬菜,4,菇類,金針菇,南投縣,草屯鎮
蔬菜,4,菇類,杏鮑菇,台中市,新社區
蔬菜,4,菇類,杏鮑菇,台中市,霧峰區
蔬菜,4,菇類,杏鮑菇,彰化縣,埔心鄉
蔬菜,4,菇類,杏鮑菇,彰化縣,大村鄉
蔬菜,4,菇類,杏鮑菇,南投縣,埔里鎮
蔬菜,4,菇類,杏鮑菇,南投縣,魚池鄉
蔬菜,4,甘藍,初秋,彰化縣,溪湖鎮
蔬菜,4,甘藍,初秋,彰化縣,大城鄉
蔬菜,4,甘藍,初秋,彰化縣,竹塘鄉
蔬菜,4,甘藍,初秋,雲林縣,元長鄉
蔬菜,4,甘藍,初秋,雲林縣,土庫鎮
蔬菜,4,甘藍,初秋,雲林縣,崙背鄉
蔬菜,4,甘藍,初秋,雲林縣,褒忠鄉
蔬菜,4,甘藍,初秋,雲林縣,四湖鄉
蔬菜,4,甘藍,初秋,雲林縣,水林鄉
蔬菜,4,甘藍,初秋,嘉義縣,鹿草鄉
蔬菜,4,甘藍,初秋,嘉義縣,六腳鄉
蔬菜,4,甘藍,初秋,嘉義縣,義竹鄉
蔬菜,4,甘藍,初秋,嘉義縣,新港鄉
蔬菜,4,結球白菜,早春及28號,彰化縣,埔心鄉
蔬菜,4,結球白菜,早春及28號,彰化縣,溪湖鎮
蔬菜,4,結球白菜,早春及28號,彰化縣,埔鹽鄉
蔬菜,4,結球白菜,早春及28號,彰化縣,竹塘鄉
蔬菜,4,結球白菜,早春及28號,彰化縣,大城鄉
蔬菜,4,結球白菜,早春及28號,雲林縣,竹塘鄉
蔬菜,4,結球白菜,早春及28號,雲林縣,二崙鄉
蔬菜,4,結球白菜,早春及28號,雲林縣,水林鄉
蔬菜,4,結球白菜,早春及28號,雲林縣,元長鄉
蔬菜,4,結球白菜,早春及28號,雲林縣,四湖鄉
蔬菜,4,結球白菜,早春及28號,雲林縣,崙背鄉
蔬菜,4,結球白菜,早春及28號,雲林縣,西螺鎮
蔬菜,4,結球白菜,早春及28號,雲林縣,土庫鎮
蔬菜,4,結球白菜,早春及28號,嘉義縣,新港鄉
蔬菜,4,結球白菜,早春及28號,嘉義縣,六腳鄉
蔬菜,4,花椰菜,75號、80號及冬防種,苗栗縣,後龍鎮
蔬菜,4,花椰菜,75號、80號及冬防種,彰化縣,鹿港鎮
蔬菜,4,花椰菜,75號、80號及冬防種,彰化縣,竹塘鄉
蔬菜,4,花椰菜,75號、80號及冬防種,彰化縣,埤頭鄉
蔬菜,4,花椰菜,75號、80號及冬防種,彰化縣,溪湖鎮
蔬菜,4,花椰菜,75號、80號及冬防種,彰化縣,永靖鄉
蔬菜,4,花椰菜,75號、80號及冬防種,彰化縣,大城鄉
蔬菜,4,花椰菜,75號、80號及冬防種,雲林縣,大埤鄉
蔬菜,4,花椰菜,75號、80號及冬防種,雲林縣,西螺鎮
蔬菜,4,花椰菜,75號、80號及冬防種,雲林縣,二崙鄉
蔬菜,4,花椰菜,75號、80號及冬防種,嘉義縣,新港鄉
蔬菜,4,花椰菜,75號、80號及冬防種,嘉義縣,六腳鄉
蔬菜,4,花椰菜,75號、80號及冬防種,台南市,安南區
蔬菜,4,花椰菜,75號、80號及冬防種,高雄市,路竹區
蔬菜,4,花椰菜,75號、80號及冬防種,高雄市,楠梓區
蔬菜,4,蘿蔔,板葉種、裂葉種及櫻桃蘿蔔,彰化縣,福興鄉
蔬菜,4,蘿蔔,板葉種、裂葉種及櫻桃蘿蔔,彰化縣,二林鎮
蔬菜,4,蘿蔔,板葉種、裂葉種及櫻桃蘿蔔,彰化縣,芳苑鄉
蔬菜,4,蘿蔔,板葉種、裂葉種及櫻桃蘿蔔,南投縣,埔里鎮
蔬菜,4,蘿蔔,板葉種、裂葉種及櫻桃蘿蔔,雲林縣,台西鄉
蔬菜,4,蘿蔔,板葉種、裂葉種及櫻桃蘿蔔,嘉義縣,布袋鎮
蔬菜,4,胡蘿蔔,新黑田五寸、五寸、向陽、理想,彰化縣,芳苑鄉
蔬菜,4,胡蘿蔔,新黑田五寸、五寸、向陽、理想,雲林縣,四湖鄉
蔬菜,4,胡蘿蔔,新黑田五寸、五寸、向陽、理想,雲林縣,東勢鄉
蔬菜,4,胡蘿蔔,新黑田五寸、五寸、向陽、理想,台南市,西港區
蔬菜,4,胡蘿蔔,新黑田五寸、五寸、向陽、理想,台南市,佳里區
蔬菜,4,胡蘿蔔,新黑田五寸、五寸、向陽、理想,台南市,將軍區
蔬菜,4,茭白筍,青殼、紅殼、台中選一號,新北市,三芝區
蔬菜,4,茭白筍,青殼、紅殼、台中選一號,新北市,金山區
蔬菜,4,茭白筍,青殼、紅殼、台中選一號,南投縣,竹山鎮
蔬菜,4,茭白筍,青殼、紅殼、台中選一號,南投縣,魚池鄉
蔬菜,4,茭白筍,青殼、紅殼、台中選一號,南投縣,埔里鎮
蔬菜,4,茭白筍,青殼、紅殼、台中選一號,宜蘭縣,礁溪鄉
蔬菜,4,桂竹筍,,新北市,
蔬菜,4,桂竹筍,,桃園縣,
蔬菜,4,桂竹筍,,新竹縣,
蔬菜,4,桂竹筍,,苗栗縣,
蔬菜,4,桂竹筍,,南投縣,
蔬菜,4,桂竹筍,,高雄市,
蔬菜,4,西瓜,紅肉大西瓜、紅肉小西瓜、普通黃肉或黃橙肉小西瓜,苗栗縣,後龍鎮
蔬菜,4,西瓜,紅肉大西瓜、紅肉小西瓜、普通黃肉或黃橙肉小西瓜,彰化縣,大城鄉
蔬菜,4,西瓜,紅肉大西瓜、紅肉小西瓜、普通黃肉或黃橙肉小西瓜,雲林縣,四湖鄉
蔬菜,4,西瓜,紅肉大西瓜、紅肉小西瓜、普通黃肉或黃橙肉小西瓜,雲林縣,二崙鄉
蔬菜,4,西瓜,紅肉大西瓜、紅肉小西瓜、普通黃肉或黃橙肉小西瓜,雲林縣,崙背鄉
蔬菜,4,西瓜,紅肉大西瓜、紅肉小西瓜、普通黃肉或黃橙肉小西瓜,屏東縣,萬丹鄉
蔬菜,4,西瓜,紅肉大西瓜、紅肉小西瓜、普通黃肉或黃橙肉小西瓜,屏東縣,鹽埔鄉
蔬菜,4,西瓜,紅肉大西瓜、紅肉小西瓜、普通黃肉或黃橙肉小西瓜,花蓮縣,壽豐鄉
蔬菜,4,西瓜,紅肉大西瓜、紅肉小西瓜、普通黃肉或黃橙肉小西瓜,花蓮縣,鳳林鎮
蔬菜,4,西瓜,黃皮紅肉小西瓜、黃皮橙肉小西瓜、無子西瓜,苗栗縣,後龍鎮
蔬菜,4,西瓜,黃皮紅肉小西瓜、黃皮橙肉小西瓜、無子西瓜,彰化縣,大城鄉
蔬菜,4,西瓜,黃皮紅肉小西瓜、黃皮橙肉小西瓜、無子西瓜,雲林縣,崙背鄉
蔬菜,4,西瓜,黃皮紅肉小西瓜、黃皮橙肉小西瓜、無子西瓜,雲林縣,二崙鄉
蔬菜,4,西瓜,黃皮紅肉小西瓜、黃皮橙肉小西瓜、無子西瓜,雲林縣,四湖鄉
蔬菜,4,西瓜,黃皮紅肉小西瓜、黃皮橙肉小西瓜、無子西瓜,屏東縣,萬丹鄉
蔬菜,4,西瓜,黃皮紅肉小西瓜、黃皮橙肉小西瓜、無子西瓜,屏東縣,鹽埔鄉
蔬菜,4,西瓜,黃皮紅肉小西瓜、黃皮橙肉小西瓜、無子西瓜,花蓮縣,鳳林鎮
蔬菜,4,西瓜,黃皮紅肉小西瓜、黃皮橙肉小西瓜、無子西瓜,花蓮縣,壽豐鄉
蔬菜,4,甜瓜,網紋甜瓜、光皮甜瓜、哈密瓜、東方甜瓜,雲林縣,崙背鄉
蔬菜,4,甜瓜,網紋甜瓜、光皮甜瓜、哈密瓜、東方甜瓜,台南市,七股區
蔬菜,4,甜瓜,網紋甜瓜、光皮甜瓜、哈密瓜、東方甜瓜,台南市,後壁區
蔬菜,4,甜瓜,網紋甜瓜、光皮甜瓜、哈密瓜、東方甜瓜,台南市,東山區
蔬菜,4,甜瓜,網紋甜瓜、光皮甜瓜、哈密瓜、東方甜瓜,高雄市,路竹區
蔬菜,4,胡瓜,清綠、飛燕、春燕、喜燕,苗栗縣,大湖鄉
蔬菜,4,胡瓜,清綠、飛燕、春燕、喜燕,高雄市,大寮區
蔬菜,4,胡瓜,清綠、飛燕、春燕、喜燕,高雄市,美濃區
蔬菜,4,胡瓜,清綠、飛燕、春燕、喜燕,屏東縣,里港鄉
蔬菜,4,胡瓜,清綠、飛燕、春燕、喜燕,屏東縣,九如鄉
蔬菜,4,胡瓜,清綠、飛燕、春燕、喜燕,屏東縣,高樹鄉
蔬菜,4,苦瓜,月華、高月、農友2號,台中市,新社區
蔬菜,4,苦瓜,月華、高月、農友2號,彰化縣,二林鎮
蔬菜,4,苦瓜,月華、高月、農友2號,屏東縣,高樹鄉
蔬菜,4,苦瓜,月華、高月、農友2號,屏東縣,九如鄉
蔬菜,4,苦瓜,月華、高月、農友2號,屏東縣,里港鄉
蔬菜,4,苦瓜,月華、高月、農友2號,屏東縣,萬丹鄉
蔬菜,4,絲瓜,東光、七美、七喜,南投縣,埔里鎮
蔬菜,4,絲瓜,東光、七美、七喜,台南市,東山區
蔬菜,4,絲瓜,東光、七美、七喜,高雄市,大社區
蔬菜,4,絲瓜,東光、七美、七喜,屏東縣,萬丹鄉
蔬菜,4,絲瓜,東光、七美、七喜,屏東縣,高樹鄉
蔬菜,4,絲瓜,東光、七美、七喜,屏東縣,里港鄉
蔬菜,4,茄子,屏東長茄、麻薯長茄、紅娘,雲林縣,林內鄉
蔬菜,4,茄子,屏東長茄、麻薯長茄、紅娘,屏東縣,高樹鄉
蔬菜,4,茄子,屏東長茄、麻薯長茄、紅娘,屏東縣,鹽埔鄉
蔬菜,4,茄子,屏東長茄、麻薯長茄、紅娘,屏東縣,里港鄉
蔬菜,4,茄子,屏東長茄、麻薯長茄、紅娘,屏東縣,九如鄉
蔬菜,4,茄子,屏東長茄、麻薯長茄、紅娘,屏東縣,屏東市
蔬菜,4,長豇(菜)豆,綠衣、紫衣、台中一號、白雪,高雄市,美濃區
蔬菜,4,長豇(菜)豆,綠衣、紫衣、台中一號、白雪,屏東縣,萬丹鄉
蔬菜,4,長豇(菜)豆,綠衣、紫衣、台中一號、白雪,屏東縣,鹽埔鄉
蔬菜,4,長豇(菜)豆,綠衣、紫衣、台中一號、白雪,屏東縣,九如鄉
蔬菜,4,長豇(菜)豆,綠衣、紫衣、台中一號、白雪,屏東縣,里港鄉
蔬菜,4,長豇(菜)豆,綠衣、紫衣、台中一號、白雪,屏東縣,高樹鄉
蔬菜,4,豌豆,台中11、13號,彰化縣,竹塘鄉
蔬菜,4,豌豆,台中11、13號,彰化縣,二林鎮
蔬菜,4,豌豆,台中11、13號,彰化縣,芳苑鄉
蔬菜,4,毛豆,高雄選1-9號,彰化縣,芳苑鄉
蔬菜,4,毛豆,高雄選1-9號,彰化縣,大城鄉
蔬菜,4,毛豆,高雄選1-9號,雲林縣,東勢鄉
蔬菜,4,毛豆,高雄選1-9號,雲林縣,四湖鄉
蔬菜,4,毛豆,高雄選1-9號,雲林縣,元長鄉
蔬菜,4,毛豆,高雄選1-9號,屏東縣,鹽埔鄉
蔬菜,4,甜椒,藍星、銘星、天王星、麗妃,南投縣,信義鄉
蔬菜,4,甜椒,藍星、銘星、天王星、麗妃,南投縣,仁愛鄉
蔬菜,4,甜椒,藍星、銘星、天王星、麗妃,南投縣,埔里鎮
蔬菜,4,甜椒,藍星、銘星、天王星、麗妃,雲林縣,莿桐鄉
蔬菜,4,甜椒,藍星、銘星、天王星、麗妃,高雄市,美濃區
蔬菜,4,甜椒,藍星、銘星、天王星、麗妃,屏東縣,高樹鄉
蔬菜,4,辣椒,萬家香、麗香,彰化縣,芳苑鄉
蔬菜,4,辣椒,萬家香、麗香,嘉義縣,新港鄉
蔬菜,4,辣椒,萬家香、麗香,高雄市,美濃區
蔬菜,4,辣椒,萬家香、麗香,屏東縣,高樹鄉
蔬菜,4,辣椒,萬家香、麗香,屏東縣,鹽埔鄉
蔬菜,4,辣椒,萬家香、麗香,花蓮縣,鳳林鎮
蔬菜,4,番茄,大果番茄、小果番茄、加工番茄,南投縣,信義鄉
蔬菜,4,番茄,大果番茄、小果番茄、加工番茄,雲林縣,崙背鄉
蔬菜,4,番茄,大果番茄、小果番茄、加工番茄,嘉義縣,民雄鄉
蔬菜,4,番茄,大果番茄、小果番茄、加工番茄,嘉義縣,六腳鄉
蔬菜,4,番茄,大果番茄、小果番茄、加工番茄,嘉義縣,太保市
蔬菜,4,番茄,大果番茄、小果番茄、加工番茄,高雄市,路竹區
蔬菜,4,金針,平地種(鮮食用),台東縣,太麻里鄉
蔬菜,4,金針,平地種(鮮食用),花蓮縣,玉里鎮
蔬菜,4,金針,平地種(鮮食用),花蓮縣,瑞穗鄉
蔬菜,5,青蔥,日蔥,宜蘭縣,壯圍鄉
蔬菜,5,青蔥,日蔥,宜蘭縣,三星鄉
蔬菜,5,菇類,香菇,桃園縣,復興鄉
蔬菜,5,菇類,香菇,台中市,新社區
蔬菜,5,菇類,香菇,南投縣,埔里鎮
蔬菜,5,菇類,香菇,南投縣,水里鄉
蔬菜,5,菇類,香菇,南投縣,魚池鄉
蔬菜,5,菇類,香菇,南投縣,竹山鎮
蔬菜,5,菇類,香菇,花蓮縣,富里鄉
蔬菜,5,菇類,金針菇,台中市,霧峰區
蔬菜,5,菇類,金針菇,彰化縣,溪湖鎮
蔬菜,5,菇類,金針菇,南投縣,草屯鎮
蔬菜,5,菇類,杏鮑菇,台中市,新社區
蔬菜,5,菇類,杏鮑菇,台中市,霧峰區
蔬菜,5,菇類,杏鮑菇,彰化縣,埔心鄉
蔬菜,5,菇類,杏鮑菇,彰化縣,大村鄉
蔬菜,5,菇類,杏鮑菇,南投縣,埔里鎮
蔬菜,5,菇類,杏鮑菇,南投縣,魚池鄉
蔬菜,5,茭白筍,青殼、紅殼、台中選一號,新北市,三芝區
蔬菜,5,茭白筍,青殼、紅殼、台中選一號,新北市,金山區
蔬菜,5,茭白筍,青殼、紅殼、台中選一號,南投縣,竹山鎮
蔬菜,5,茭白筍,青殼、紅殼、台中選一號,南投縣,魚池鄉
蔬菜,5,茭白筍,青殼、紅殼、台中選一號,南投縣,埔里鎮
蔬菜,5,茭白筍,青殼、紅殼、台中選一號,宜蘭縣,礁溪鄉
蔬菜,5,綠竹筍,,新北市,三峽區
蔬菜,5,綠竹筍,,新北市,八里區
蔬菜,5,綠竹筍,,桃園縣,大溪鎮
蔬菜,5,綠竹筍,,桃園縣,復興鄉
蔬菜,5,綠竹筍,,台南市,關廟區
蔬菜,5,綠竹筍,,台南市,白河區
蔬菜,5,綠竹筍,,高雄市,
蔬菜,5,箭竹筍,,花蓮縣,光復鄉
蔬菜,5,桂竹筍,,新北市,
蔬菜,5,桂竹筍,,桃園縣,
蔬菜,5,桂竹筍,,新竹縣,
蔬菜,5,桂竹筍,,苗栗縣,
蔬菜,5,桂竹筍,,南投縣,
蔬菜,5,桂竹筍,,高雄市,
蔬菜,5,西瓜,紅肉大西瓜、紅肉小西瓜、普通黃肉或黃橙肉小西瓜,苗栗縣,後龍鎮
蔬菜,5,西瓜,紅肉大西瓜、紅肉小西瓜、普通黃肉或黃橙肉小西瓜,彰化縣,大城鄉
蔬菜,5,西瓜,紅肉大西瓜、紅肉小西瓜、普通黃肉或黃橙肉小西瓜,雲林縣,崙背鄉
蔬菜,5,西瓜,紅肉大西瓜、紅肉小西瓜、普通黃肉或黃橙肉小西瓜,雲林縣,四湖鄉
蔬菜,5,西瓜,紅肉大西瓜、紅肉小西瓜、普通黃肉或黃橙肉小西瓜,雲林縣,二崙鄉
蔬菜,5,西瓜,紅肉大西瓜、紅肉小西瓜、普通黃肉或黃橙肉小西瓜,屏東縣,鹽埔鄉
蔬菜,5,西瓜,紅肉大西瓜、紅肉小西瓜、普通黃肉或黃橙肉小西瓜,屏東縣,萬丹鄉
蔬菜,5,西瓜,紅肉大西瓜、紅肉小西瓜、普通黃肉或黃橙肉小西瓜,花蓮縣,鳳林鎮
蔬菜,5,西瓜,紅肉大西瓜、紅肉小西瓜、普通黃肉或黃橙肉小西瓜,花蓮縣,壽豐鄉
蔬菜,5,西瓜,黃皮紅肉小西瓜、黃皮橙肉小西瓜、無子西瓜,苗栗縣,後龍鎮
蔬菜,5,西瓜,黃皮紅肉小西瓜、黃皮橙肉小西瓜、無子西瓜,彰化縣,大城鄉
蔬菜,5,西瓜,黃皮紅肉小西瓜、黃皮橙肉小西瓜、無子西瓜,雲林縣,二崙鄉
蔬菜,5,西瓜,黃皮紅肉小西瓜、黃皮橙肉小西瓜、無子西瓜,雲林縣,四湖鄉
蔬菜,5,西瓜,黃皮紅肉小西瓜、黃皮橙肉小西瓜、無子西瓜,雲林縣,崙背鄉
蔬菜,5,西瓜,黃皮紅肉小西瓜、黃皮橙肉小西瓜、無子西瓜,屏東縣,萬丹鄉
蔬菜,5,西瓜,黃皮紅肉小西瓜、黃皮橙肉小西瓜、無子西瓜,屏東縣,鹽埔鄉
蔬菜,5,西瓜,黃皮紅肉小西瓜、黃皮橙肉小西瓜、無子西瓜,花蓮縣,鳳林鎮
蔬菜,5,西瓜,黃皮紅肉小西瓜、黃皮橙肉小西瓜、無子西瓜,花蓮縣,壽豐鄉
蔬菜,5,甜瓜,網紋甜瓜、光皮甜瓜、哈密瓜、東方甜瓜,雲林縣,崙背鄉
蔬菜,5,甜瓜,網紋甜瓜、光皮甜瓜、哈密瓜、東方甜瓜,台南市,東山區
蔬菜,5,甜瓜,網紋甜瓜、光皮甜瓜、哈密瓜、東方甜瓜,台南市,後壁區
蔬菜,5,甜瓜,網紋甜瓜、光皮甜瓜、哈密瓜、東方甜瓜,台南市,七股區
蔬菜,5,甜瓜,網紋甜瓜、光皮甜瓜、哈密瓜、東方甜瓜,高雄市,路竹區
蔬菜,5,苦瓜,月華、高月、農友2號,台中市,新社區
蔬菜,5,苦瓜,月華、高月、農友2號,彰化縣,二林鎮
蔬菜,5,苦瓜,月華、高月、農友2號,屏東縣,高樹鄉
蔬菜,5,苦瓜,月華、高月、農友2號,屏東縣,里港鄉
蔬菜,5,苦瓜,月華、高月、農友2號,屏東縣,九如鄉
蔬菜,5,苦瓜,月華、高月、農友2號,屏東縣,萬丹鄉
蔬菜,5,絲瓜,東光、七美、七喜,南投縣,埔里鎮
蔬菜,5,絲瓜,東光、七美、七喜,台南市,東山區
蔬菜,5,絲瓜,東光、七美、七喜,高雄市,大社區
蔬菜,5,絲瓜,東光、七美、七喜,屏東縣,萬丹鄉
蔬菜,5,絲瓜,東光、七美、七喜,屏東縣,里港鄉
蔬菜,5,絲瓜,東光、七美、七喜,屏東縣,高樹鄉
蔬菜,5,茄子,屏東長茄、麻薯長茄、紅娘,雲林縣,林內鄉
蔬菜,5,茄子,屏東長茄、麻薯長茄、紅娘,屏東縣,鹽埔鄉
蔬菜,5,茄子,屏東長茄、麻薯長茄、紅娘,屏東縣,高樹鄉
蔬菜,5,茄子,屏東長茄、麻薯長茄、紅娘,屏東縣,里港鄉
蔬菜,5,茄子,屏東長茄、麻薯長茄、紅娘,屏東縣,九如鄉
蔬菜,5,茄子,屏東長茄、麻薯長茄、紅娘,屏東縣,屏東市
蔬菜,5,長豇(菜)豆,綠衣、紫衣、台中一號、白雪,高雄市,美濃區
蔬菜,5,長豇(菜)豆,綠衣、紫衣、台中一號、白雪,屏東縣,萬丹鄉
蔬菜,5,長豇(菜)豆,綠衣、紫衣、台中一號、白雪,屏東縣,鹽埔鄉
蔬菜,5,長豇(菜)豆,綠衣、紫衣、台中一號、白雪,屏東縣,九如鄉
蔬菜,5,長豇(菜)豆,綠衣、紫衣、台中一號、白雪,屏東縣,里港鄉
蔬菜,5,長豇(菜)豆,綠衣、紫衣、台中一號、白雪,屏東縣,高樹鄉
蔬菜,5,毛豆,高雄選1-9號,彰化縣,大城鄉
蔬菜,5,毛豆,高雄選1-9號,彰化縣,芳苑鄉
蔬菜,5,毛豆,高雄選1-9號,雲林縣,東勢鄉
蔬菜,5,毛豆,高雄選1-9號,雲林縣,四湖鄉
蔬菜,5,毛豆,高雄選1-9號,雲林縣,元長鄉
蔬菜,5,毛豆,高雄選1-9號,屏東縣,鹽埔鄉
蔬菜,5,甜椒,藍星、銘星、天王星、麗妃,南投縣,信義鄉
蔬菜,5,甜椒,藍星、銘星、天王星、麗妃,南投縣,仁愛鄉
蔬菜,5,甜椒,藍星、銘星、天王星、麗妃,南投縣,埔里鎮
蔬菜,5,甜椒,藍星、銘星、天王星、麗妃,雲林縣,莿桐鄉
蔬菜,5,甜椒,藍星、銘星、天王星、麗妃,高雄市,美濃區
蔬菜,5,甜椒,藍星、銘星、天王星、麗妃,屏東縣,高樹鄉
蔬菜,5,辣椒,萬家香、麗香,彰化縣,芳苑鄉
蔬菜,5,辣椒,萬家香、麗香,嘉義縣,新港鄉
蔬菜,5,辣椒,萬家香、麗香,高雄市,美濃區
蔬菜,5,辣椒,萬家香、麗香,屏東縣,高樹鄉
蔬菜,5,辣椒,萬家香、麗香,屏東縣,鹽埔鄉
蔬菜,5,辣椒,萬家香、麗香,花蓮縣,鳳林鎮
蔬菜,5,番茄,大果番茄、小果番茄、加工番茄,南投縣,信義鄉
蔬菜,5,番茄,大果番茄、小果番茄、加工番茄,雲林縣,崙背鄉
蔬菜,5,番茄,大果番茄、小果番茄、加工番茄,嘉義縣,民雄鄉
蔬菜,5,番茄,大果番茄、小果番茄、加工番茄,嘉義縣,太保市
蔬菜,5,番茄,大果番茄、小果番茄、加工番茄,嘉義縣,六腳鄉
蔬菜,5,番茄,大果番茄、小果番茄、加工番茄,高雄市,路竹區
蔬菜,5,金針,平地種(鮮食用),台東縣,太麻里鄉
蔬菜,5,金針,平地種(鮮食用),花蓮縣,玉里鎮
蔬菜,5,金針,平地種(鮮食用),花蓮縣,瑞穗鄉
蔬菜,6,青蔥,日蔥,宜蘭縣,三星鄉
蔬菜,6,青蔥,日蔥,宜蘭縣,壯圍鄉
蔬菜,6,青蔥,北蔥,彰化縣,溪湖鎮
蔬菜,6,青蔥,北蔥,彰化縣,溪州鄉
蔬菜,6,青蔥,北蔥,雲林縣,元長鄉
蔬菜,6,青蔥,北蔥,雲林縣,虎尾鎮
蔬菜,6,青蔥,北蔥,雲林縣,土庫鎮
蔬菜,6,青蔥,北蔥,雲林縣,台西鄉
蔬菜,6,青蔥,北蔥,雲林縣,麥寮鄉
蔬菜,6,青蔥,北蔥,高雄市,梓官區
蔬菜,6,菇類,香菇,桃園縣,復興鄉
蔬菜,6,菇類,香菇,台中市,新社區
蔬菜,6,菇類,香菇,南投縣,埔里鎮
蔬菜,6,菇類,香菇,南投縣,水里鄉
蔬菜,6,菇類,香菇,南投縣,魚池鄉
蔬菜,6,菇類,香菇,南投縣,竹山鎮
蔬菜,6,菇類,香菇,花蓮縣,富里鄉
蔬菜,6,菇類,金針菇,台中市,霧峰區
蔬菜,6,菇類,金針菇,彰化縣,溪湖鎮
蔬菜,6,菇類,金針菇,南投縣,草屯鎮
蔬菜,6,菇類,杏鮑菇,台中市,新社區
蔬菜,6,菇類,杏鮑菇,台中市,霧峰區
蔬菜,6,菇類,杏鮑菇,彰化縣,埔心鄉
蔬菜,6,菇類,杏鮑菇,彰化縣,大村鄉
蔬菜,6,菇類,杏鮑菇,南投縣,埔里鎮
蔬菜,6,菇類,杏鮑菇,南投縣,魚池鄉
蔬菜,6,茭白筍,青殼、紅殼、台中選一號,新北市,三芝區
蔬菜,6,茭白筍,青殼、紅殼、台中選一號,新北市,金山區
蔬菜,6,茭白筍,青殼、紅殼、台中選一號,南投縣,竹山鎮
蔬菜,6,茭白筍,青殼、紅殼、台中選一號,南投縣,魚池鄉
蔬菜,6,茭白筍,青殼、紅殼、台中選一號,南投縣,埔里鎮
蔬菜,6,茭白筍,青殼、紅殼、台中選一號,宜蘭縣,礁溪鄉
蔬菜,6,綠竹筍,,新北市,八里區
蔬菜,6,綠竹筍,,新北市,三峽區
蔬菜,6,綠竹筍,,桃園縣,大溪鎮
蔬菜,6,綠竹筍,,桃園縣,復興鄉
蔬菜,6,綠竹筍,,台南市,關廟區
蔬菜,6,綠竹筍,,台南市,白河區
蔬菜,6,綠竹筍,,高雄市,
蔬菜,6,箭竹筍,,花蓮縣,光復鄉
蔬菜,6,麻竹筍,,台中市,
蔬菜,6,麻竹筍,,南投縣,
蔬菜,6,麻竹筍,,雲林縣,
蔬菜,6,麻竹筍,,嘉義縣,
蔬菜,6,麻竹筍,,台南市,
蔬菜,6,麻竹筍,,高雄市,
蔬菜,6,西瓜,紅肉大西瓜、紅肉小西瓜、普通黃肉或黃橙肉小西瓜,苗栗縣,後龍鎮
蔬菜,6,西瓜,紅肉大西瓜、紅肉小西瓜、普通黃肉或黃橙肉小西瓜,彰化縣,大城鄉
蔬菜,6,西瓜,紅肉大西瓜、紅肉小西瓜、普通黃肉或黃橙肉小西瓜,雲林縣,崙背鄉
蔬菜,6,西瓜,紅肉大西瓜、紅肉小西瓜、普通黃肉或黃橙肉小西瓜,雲林縣,四湖鄉
蔬菜,6,西瓜,紅肉大西瓜、紅肉小西瓜、普通黃肉或黃橙肉小西瓜,雲林縣,二崙鄉
蔬菜,6,西瓜,紅肉大西瓜、紅肉小西瓜、普通黃肉或黃橙肉小西瓜,屏東縣,鹽埔鄉
蔬菜,6,西瓜,紅肉大西瓜、紅肉小西瓜、普通黃肉或黃橙肉小西瓜,屏東縣,萬丹鄉
蔬菜,6,西瓜,紅肉大西瓜、紅肉小西瓜、普通黃肉或黃橙肉小西瓜,花蓮縣,壽豐鄉
蔬菜,6,西瓜,紅肉大西瓜、紅肉小西瓜、普通黃肉或黃橙肉小西瓜,花蓮縣,鳳林鎮
蔬菜,6,西瓜,黃皮紅肉小西瓜、黃皮橙肉小西瓜、無子西瓜,苗栗縣,後龍鎮
蔬菜,6,西瓜,黃皮紅肉小西瓜、黃皮橙肉小西瓜、無子西瓜,彰化縣,大城鄉
蔬菜,6,西瓜,黃皮紅肉小西瓜、黃皮橙肉小西瓜、無子西瓜,雲林縣,二崙鄉
蔬菜,6,西瓜,黃皮紅肉小西瓜、黃皮橙肉小西瓜、無子西瓜,雲林縣,四湖鄉
蔬菜,6,西瓜,黃皮紅肉小西瓜、黃皮橙肉小西瓜、無子西瓜,雲林縣,崙背鄉
蔬菜,6,西瓜,黃皮紅肉小西瓜、黃皮橙肉小西瓜、無子西瓜,屏東縣,鹽埔鄉
蔬菜,6,西瓜,黃皮紅肉小西瓜、黃皮橙肉小西瓜、無子西瓜,屏東縣,萬丹鄉
蔬菜,6,西瓜,黃皮紅肉小西瓜、黃皮橙肉小西瓜、無子西瓜,花蓮縣,鳳林鎮
蔬菜,6,西瓜,黃皮紅肉小西瓜、黃皮橙肉小西瓜、無子西瓜,花蓮縣,壽豐鄉
蔬菜,6,甜瓜,網紋甜瓜、光皮甜瓜、哈密瓜、東方甜瓜,雲林縣,崙背鄉
蔬菜,6,甜瓜,網紋甜瓜、光皮甜瓜、哈密瓜、東方甜瓜,台南市,東山區
蔬菜,6,甜瓜,網紋甜瓜、光皮甜瓜、哈密瓜、東方甜瓜,台南市,後壁區
蔬菜,6,甜瓜,網紋甜瓜、光皮甜瓜、哈密瓜、東方甜瓜,台南市,七股區
蔬菜,6,甜瓜,網紋甜瓜、光皮甜瓜、哈密瓜、東方甜瓜,高雄市,路竹區
蔬菜,6,苦瓜,月華、高月、農友2號,台中市,新社區
蔬菜,6,苦瓜,月華、高月、農友2號,彰化縣,二林鎮
蔬菜,6,苦瓜,月華、高月、農友2號,屏東縣,高樹鄉
蔬菜,6,苦瓜,月華、高月、農友2號,屏東縣,里港鄉
蔬菜,6,苦瓜,月華、高月、農友2號,屏東縣,九如鄉
蔬菜,6,苦瓜,月華、高月、農友2號,屏東縣,萬丹鄉
蔬菜,6,絲瓜,東光、七美、七喜,南投縣,埔里鎮
蔬菜,6,絲瓜,東光、七美、七喜,台南市,東山區
蔬菜,6,絲瓜,東光、七美、七喜,高雄市,大社區
蔬菜,6,絲瓜,東光、七美、七喜,屏東縣,萬丹鄉
蔬菜,6,絲瓜,東光、七美、七喜,屏東縣,里港鄉
蔬菜,6,絲瓜,東光、七美、七喜,屏東縣,高樹鄉
蔬菜,6,茄子,屏東長茄、麻薯長茄、紅娘,雲林縣,林內鄉
蔬菜,6,茄子,屏東長茄、麻薯長茄、紅娘,屏東縣,高樹鄉
蔬菜,6,茄子,屏東長茄、麻薯長茄、紅娘,屏東縣,鹽埔鄉
蔬菜,6,茄子,屏東長茄、麻薯長茄、紅娘,屏東縣,里港鄉
蔬菜,6,茄子,屏東長茄、麻薯長茄、紅娘,屏東縣,九如鄉
蔬菜,6,茄子,屏東長茄、麻薯長茄、紅娘,屏東縣,屏東市
蔬菜,6,長豇(菜)豆,綠衣、紫衣、台中一號、白雪,高雄市,美濃區
蔬菜,6,長豇(菜)豆,綠衣、紫衣、台中一號、白雪,屏東縣,萬丹鄉
蔬菜,6,長豇(菜)豆,綠衣、紫衣、台中一號、白雪,屏東縣,鹽埔鄉
蔬菜,6,長豇(菜)豆,綠衣、紫衣、台中一號、白雪,屏東縣,九如鄉
蔬菜,6,長豇(菜)豆,綠衣、紫衣、台中一號、白雪,屏東縣,里港鄉
蔬菜,6,長豇(菜)豆,綠衣、紫衣、台中一號、白雪,屏東縣,高樹鄉
蔬菜,6,毛豆,高雄選1-9號,彰化縣,大城鄉
蔬菜,6,毛豆,高雄選1-9號,彰化縣,芳苑鄉
蔬菜,6,毛豆,高雄選1-9號,雲林縣,東勢鄉
蔬菜,6,毛豆,高雄選1-9號,雲林縣,四湖鄉
蔬菜,6,毛豆,高雄選1-9號,雲林縣,元長鄉
蔬菜,6,毛豆,高雄選1-9號,屏東縣,鹽埔鄉
蔬菜,6,甜椒,藍星、銘星、天王星、麗妃,南投縣,信義鄉
蔬菜,6,甜椒,藍星、銘星、天王星、麗妃,南投縣,仁愛鄉
蔬菜,6,甜椒,藍星、銘星、天王星、麗妃,南投縣,埔里鎮
蔬菜,6,甜椒,藍星、銘星、天王星、麗妃,雲林縣,莿桐鄉
蔬菜,6,甜椒,藍星、銘星、天王星、麗妃,高雄市,美濃區
蔬菜,6,甜椒,藍星、銘星、天王星、麗妃,屏東縣,高樹鄉
蔬菜,6,辣椒,萬家香、麗香,彰化縣,芳苑鄉
蔬菜,6,辣椒,萬家香、麗香,嘉義縣,新港鄉
蔬菜,6,辣椒,萬家香、麗香,高雄市,美濃區
蔬菜,6,辣椒,萬家香、麗香,屏東縣,高樹鄉
蔬菜,6,辣椒,萬家香、麗香,屏東縣,鹽埔鄉
蔬菜,6,辣椒,萬家香、麗香,花蓮縣,鳳林鎮
蔬菜,6,番茄,大果番茄、小果番茄、加工番茄,南投縣,信義鄉
蔬菜,6,番茄,大果番茄、小果番茄、加工番茄,雲林縣,崙背鄉
蔬菜,6,番茄,大果番茄、小果番茄、加工番茄,嘉義縣,民雄鄉
蔬菜,6,番茄,大果番茄、小果番茄、加工番茄,嘉義縣,太保市
蔬菜,6,番茄,大果番茄、小果番茄、加工番茄,嘉義縣,六腳鄉
蔬菜,6,番茄,大果番茄、小果番茄、加工番茄,高雄市,路竹區
蔬菜,6,金針,平地種(鮮食用),台東縣,太麻里鄉
蔬菜,6,金針,平地種(鮮食用),花蓮縣,玉里鎮
蔬菜,6,金針,平地種(鮮食用),花蓮縣,瑞穗鄉
蔬菜,7,青蔥,日蔥,宜蘭縣,壯圍鄉
蔬菜,7,青蔥,日蔥,宜蘭縣,三星鄉
蔬菜,7,青蔥,北蔥,彰化縣,溪湖鎮
蔬菜,7,青蔥,北蔥,彰化縣,溪州鄉
蔬菜,7,青蔥,北蔥,雲林縣,元長鄉
蔬菜,7,青蔥,北蔥,雲林縣,虎尾鎮
蔬菜,7,青蔥,北蔥,雲林縣,土庫鎮
蔬菜,7,青蔥,北蔥,雲林縣,台西鄉
蔬菜,7,青蔥,北蔥,雲林縣,麥寮鄉
蔬菜,7,青蔥,北蔥,高雄市,梓官區
蔬菜,7,菇類,香菇,桃園縣,復興鄉
蔬菜,7,菇類,香菇,台中市,新社區
蔬菜,7,菇類,香菇,南投縣,埔里鎮
蔬菜,7,菇類,香菇,南投縣,水里鄉
蔬菜,7,菇類,香菇,南投縣,魚池鄉
蔬菜,7,菇類,香菇,南投縣,竹山鎮
蔬菜,7,菇類,香菇,花蓮縣,富里鄉
蔬菜,7,菇類,金針菇,台中市,霧峰區
蔬菜,7,菇類,金針菇,彰化縣,溪湖鎮
蔬菜,7,菇類,金針菇,南投縣,草屯鎮
蔬菜,7,菇類,杏鮑菇,台中市,新社區
蔬菜,7,菇類,杏鮑菇,台中市,霧峰區
蔬菜,7,菇類,杏鮑菇,彰化縣,埔心鄉
蔬菜,7,菇類,杏鮑菇,彰化縣,大村鄉
蔬菜,7,菇類,杏鮑菇,南投縣,埔里鎮
蔬菜,7,菇類,杏鮑菇,南投縣,魚池鄉
蔬菜,7,茭白筍,青殼、紅殼、台中選一號,新北市,三芝區
蔬菜,7,茭白筍,青殼、紅殼、台中選一號,新北市,金山區
蔬菜,7,茭白筍,青殼、紅殼、台中選一號,南投縣,竹山鎮
蔬菜,7,茭白筍,青殼、紅殼、台中選一號,南投縣,魚池鄉
蔬菜,7,茭白筍,青殼、紅殼、台中選一號,南投縣,埔里鎮
蔬菜,7,茭白筍,青殼、紅殼、台中選一號,宜蘭縣,礁溪鄉
蔬菜,7,綠竹筍,,新北市,三峽區
蔬菜,7,綠竹筍,,新北市,八里區
蔬菜,7,綠竹筍,,桃園縣,大溪鎮
蔬菜,7,綠竹筍,,桃園縣,復興鄉
蔬菜,7,綠竹筍,,台南市,關廟區
蔬菜,7,綠竹筍,,台南市,白河區
蔬菜,7,綠竹筍,,高雄市,
蔬菜,7,箭竹筍,,花蓮縣,光復鄉
蔬菜,7,麻竹筍,,台中市,
蔬菜,7,麻竹筍,,南投縣,
蔬菜,7,麻竹筍,,雲林縣,
蔬菜,7,麻竹筍,,嘉義縣,
蔬菜,7,麻竹筍,,台南市,
蔬菜,7,麻竹筍,,高雄市,
蔬菜,7,西瓜,紅肉大西瓜、紅肉小西瓜、普通黃肉或黃橙肉小西瓜,苗栗縣,後龍鎮
蔬菜,7,西瓜,紅肉大西瓜、紅肉小西瓜、普通黃肉或黃橙肉小西瓜,彰化縣,大城鄉
蔬菜,7,西瓜,紅肉大西瓜、紅肉小西瓜、普通黃肉或黃橙肉小西瓜,雲林縣,崙背鄉
蔬菜,7,西瓜,紅肉大西瓜、紅肉小西瓜、普通黃肉或黃橙肉小西瓜,雲林縣,四湖鄉
蔬菜,7,西瓜,紅肉大西瓜、紅肉小西瓜、普通黃肉或黃橙肉小西瓜,雲林縣,二崙鄉
蔬菜,7,西瓜,紅肉大西瓜、紅肉小西瓜、普通黃肉或黃橙肉小西瓜,屏東縣,萬丹鄉
蔬菜,7,西瓜,紅肉大西瓜、紅肉小西瓜、普通黃肉或黃橙肉小西瓜,屏東縣,鹽埔鄉
蔬菜,7,西瓜,紅肉大西瓜、紅肉小西瓜、普通黃肉或黃橙肉小西瓜,花蓮縣,壽豐鄉
蔬菜,7,西瓜,紅肉大西瓜、紅肉小西瓜、普通黃肉或黃橙肉小西瓜,花蓮縣,鳳林鎮
蔬菜,7,西瓜,黃皮紅肉小西瓜、黃皮橙肉小西瓜、無子西瓜,苗栗縣,後龍鎮
蔬菜,7,西瓜,黃皮紅肉小西瓜、黃皮橙肉小西瓜、無子西瓜,彰化縣,大城鄉
蔬菜,7,西瓜,黃皮紅肉小西瓜、黃皮橙肉小西瓜、無子西瓜,雲林縣,二崙鄉
蔬菜,7,西瓜,黃皮紅肉小西瓜、黃皮橙肉小西瓜、無子西瓜,雲林縣,四湖鄉
蔬菜,7,西瓜,黃皮紅肉小西瓜、黃皮橙肉小西瓜、無子西瓜,雲林縣,崙背鄉
蔬菜,7,西瓜,黃皮紅肉小西瓜、黃皮橙肉小西瓜、無子西瓜,屏東縣,鹽埔鄉
蔬菜,7,西瓜,黃皮紅肉小西瓜、黃皮橙肉小西瓜、無子西瓜,屏東縣,萬丹鄉
蔬菜,7,西瓜,黃皮紅肉小西瓜、黃皮橙肉小西瓜、無子西瓜,花蓮縣,鳳林鎮
蔬菜,7,西瓜,黃皮紅肉小西瓜、黃皮橙肉小西瓜、無子西瓜,花蓮縣,壽豐鄉
蔬菜,7,苦瓜,月華、高月、農友2號,台中市,新社區
蔬菜,7,苦瓜,月華、高月、農友2號,彰化縣,二林鎮
蔬菜,7,苦瓜,月華、高月、農友2號,屏東縣,高樹鄉
蔬菜,7,苦瓜,月華、高月、農友2號,屏東縣,里港鄉
蔬菜,7,苦瓜,月華、高月、農友2號,屏東縣,九如鄉
蔬菜,7,苦瓜,月華、高月、農友2號,屏東縣,萬丹鄉
蔬菜,7,絲瓜,東光、七美、七喜,南投縣,埔里鎮
蔬菜,7,絲瓜,東光、七美、七喜,台南市,東山區
蔬菜,7,絲瓜,東光、七美、七喜,高雄市,大社區
蔬菜,7,絲瓜,東光、七美、七喜,屏東縣,萬丹鄉
蔬菜,7,絲瓜,東光、七美、七喜,屏東縣,里港鄉
蔬菜,7,絲瓜,東光、七美、七喜,屏東縣,高樹鄉
蔬菜,7,茄子,屏東長茄、麻薯長茄、紅娘,雲林縣,林內鄉
蔬菜,7,茄子,屏東長茄、麻薯長茄、紅娘,屏東縣,鹽埔鄉
蔬菜,7,茄子,屏東長茄、麻薯長茄、紅娘,屏東縣,高樹鄉
蔬菜,7,茄子,屏東長茄、麻薯長茄、紅娘,屏東縣,里港鄉
蔬菜,7,茄子,屏東長茄、麻薯長茄、紅娘,屏東縣,九如鄉
蔬菜,7,茄子,屏東長茄、麻薯長茄、紅娘,屏東縣,屏東市
蔬菜,7,長豇(菜)豆,綠衣、紫衣、台中一號、白雪,高雄市,美濃區
蔬菜,7,長豇(菜)豆,綠衣、紫衣、台中一號、白雪,屏東縣,萬丹鄉
蔬菜,7,長豇(菜)豆,綠衣、紫衣、台中一號、白雪,屏東縣,鹽埔鄉
蔬菜,7,長豇(菜)豆,綠衣、紫衣、台中一號、白雪,屏東縣,九如鄉
蔬菜,7,長豇(菜)豆,綠衣、紫衣、台中一號、白雪,屏東縣,里港鄉
蔬菜,7,長豇(菜)豆,綠衣、紫衣、台中一號、白雪,屏東縣,高樹鄉
蔬菜,7,毛豆,高雄選1-9號,彰化縣,大城鄉
蔬菜,7,毛豆,高雄選1-9號,彰化縣,芳苑鄉
蔬菜,7,毛豆,高雄選1-9號,雲林縣,東勢鄉
蔬菜,7,毛豆,高雄選1-9號,雲林縣,四湖鄉
蔬菜,7,毛豆,高雄選1-9號,雲林縣,元長鄉
蔬菜,7,毛豆,高雄選1-9號,屏東縣,鹽埔鄉
蔬菜,7,甜椒,藍星、銘星、天王星、麗妃,南投縣,信義鄉
蔬菜,7,甜椒,藍星、銘星、天王星、麗妃,南投縣,仁愛鄉
蔬菜,7,甜椒,藍星、銘星、天王星、麗妃,南投縣,埔里鎮
蔬菜,7,甜椒,藍星、銘星、天王星、麗妃,雲林縣,莿桐鄉
蔬菜,7,甜椒,藍星、銘星、天王星、麗妃,高雄市,美濃區
蔬菜,7,甜椒,藍星、銘星、天王星、麗妃,屏東縣,高樹鄉
蔬菜,7,辣椒,萬家香、麗香,彰化縣,芳苑鄉
蔬菜,7,辣椒,萬家香、麗香,嘉義縣,新港鄉
蔬菜,7,辣椒,萬家香、麗香,高雄市,美濃區
蔬菜,7,辣椒,萬家香、麗香,屏東縣,高樹鄉
蔬菜,7,辣椒,萬家香、麗香,屏東縣,鹽埔鄉
蔬菜,7,辣椒,萬家香、麗香,花蓮縣,鳳林鎮
水果,1,椪柑,,苗栗縣,卓蘭鎮
水果,1,椪柑,,台中市,東勢區
水果,1,椪柑,,雲林縣,古坑鄉
水果,1,椪柑,,嘉義縣,番路鄉
水果,1,椪柑,,嘉義縣,梅山鄉
水果,1,椪柑,,嘉義縣,竹崎鄉
水果,1,椪柑,,台南市,東山區
水果,1,番荔枝,大麟種、軟枝種,台南市,歸仁區
水果,1,番荔枝,大麟種、軟枝種,台東縣,太麻里鄉
水果,1,番荔枝,大麟種、軟枝種,台東縣,卑南鄉
水果,1,番荔枝,大麟種、軟枝種,台東縣,東河鄉
水果,1,番荔枝,大麟種、軟枝種,台東縣,台東市
水果,1,番荔枝,鳳梨釋迦,台東縣,台東市
水果,1,番荔枝,鳳梨釋迦,台東縣,東河鄉
水果,1,番荔枝,鳳梨釋迦,台東縣,卑南鄉
水果,1,番荔枝,鳳梨釋迦,台東縣,太麻里鄉
水果,1,楊桃,馬來種、二林種、秤錘種、青乾種、紅龍、台農2號,苗栗縣,卓蘭鎮
水果,1,楊桃,馬來種、二林種、秤錘種、青乾種、紅龍、台農2號,台南市,楠西區
水果,1,楊桃,馬來種、二林種、秤錘種、青乾種、紅龍、台農2號,屏東縣,里港鄉
水果,1,番石榴,珍珠種、世紀種,彰化縣,社頭鄉
水果,1,番石榴,珍珠種、世紀種,彰化縣,溪州鄉
水果,1,番石榴,珍珠種、世紀種,台南市,玉井區
水果,1,番石榴,珍珠種、世紀種,台南市,楠西區
水果,1,番石榴,珍珠種、世紀種,高雄市,大社區
水果,1,番石榴,珍珠種、世紀種,高雄市,阿蓮區
水果,1,番石榴,珍珠種、世紀種,高雄市,燕巢區
水果,1,柳橙,,南投縣,中寮鄉
水果,1,柳橙,,雲林縣,斗南鎮
水果,1,柳橙,,雲林縣,古坑鄉
水果,1,柳橙,,嘉義縣,番路鄉
水果,1,柳橙,,嘉義縣,梅山鄉
水果,1,柳橙,,嘉義縣,竹崎鄉
水果,1,柳橙,,嘉義縣,中埔鄉
水果,1,柳橙,,嘉義縣,民雄鄉
水果,1,柳橙,,嘉義縣,大林鎮
水果,1,柳橙,,台南市,白河區
水果,1,柳橙,,台南市,六甲區
水果,1,柳橙,,台南市,大內區
水果,1,柳橙,,台南市,南化區
水果,1,柳橙,,台南市,官田區
水果,1,蓮霧,粉紅種及大粒種,高雄市,六龜區
水果,1,蓮霧,粉紅種及大粒種,屏東縣,新埤鄉
水果,1,蓮霧,粉紅種及大粒種,屏東縣,南州鄉
水果,1,蓮霧,粉紅種及大粒種,屏東縣,林邊鄉
水果,1,蓮霧,粉紅種及大粒種,屏東縣,佳冬鄉
水果,1,蓮霧,粉紅種及大粒種,屏東縣,枋寮鄉
水果,1,蓮霧,粉紅種及大粒種,屏東縣,高樹鄉
水果,1,蓮霧,粉紅種及大粒種,屏東縣,鹽埔鄉
水果,1,蓮霧,粉紅種及大粒種,屏東縣,長治鄉
水果,1,蓮霧,粉紅種及大粒種,屏東縣,麟洛鄉
水果,1,蓮霧,粉紅種及大粒種,屏東縣,內埔鄉
水果,1,蓮霧,粉紅種及大粒種,屏東縣,潮州鎮
水果,1,香蕉,北蕉及新北蕉,南投縣,中寮鄉
水果,1,香蕉,北蕉及新北蕉,南投縣,南投市
水果,1,香蕉,北蕉及新北蕉,南投縣,國姓鄉
水果,1,香蕉,北蕉及新北蕉,南投縣,水里鄉
水果,1,香蕉,北蕉及新北蕉,高雄市,美濃區
水果,1,香蕉,北蕉及新北蕉,高雄市,旗山區
水果,1,香蕉,北蕉及新北蕉,屏東縣,高樹鄉
水果,1,香蕉,北蕉及新北蕉,屏東縣,新埤鄉
水果,1,香蕉,北蕉及新北蕉,屏東縣,里港鄉
水果,1,木瓜,台農2號,南投縣,草屯鎮
水果,1,木瓜,台農2號,雲林縣,林內鄉
水果,1,木瓜,台農2號,嘉義縣,中埔鄉
水果,1,木瓜,台農2號,台南市,南化區
水果,1,木瓜,台農2號,台南市,大內區
水果,1,木瓜,台農2號,台南市,玉井區
水果,1,木瓜,台農2號,台南市,楠西區
水果,1,木瓜,台農2號,高雄市,美濃區
水果,1,木瓜,台農2號,屏東縣,新埤鄉
水果,1,木瓜,台農2號,屏東縣,萬巒鄉
水果,1,木瓜,台農2號,屏東縣,長治鄉
水果,1,桶柑,,新北市,三峽區
水果,1,桶柑,,新北市,新店區
水果,1,桶柑,,新竹縣,峨眉鄉
水果,1,桶柑,,台中市,和平區
水果,1,印度棗,蜜棗、台農1號、翠蜜、天蜜、高雄2號、高雄3號,台南市,玉井區
水果,1,印度棗,蜜棗、台農1號、翠蜜、天蜜、高雄2號、高雄3號,台南市,南化區
水果,1,印度棗,蜜棗、台農1號、翠蜜、天蜜、高雄2號、高雄3號,高雄市,大社區
水果,1,印度棗,蜜棗、台農1號、翠蜜、天蜜、高雄2號、高雄3號,高雄市,岡山區
水果,1,印度棗,蜜棗、台農1號、翠蜜、天蜜、高雄2號、高雄3號,高雄市,阿蓮區
水果,1,印度棗,蜜棗、台農1號、翠蜜、天蜜、高雄2號、高雄3號,屏東縣,燕巢區
水果,1,印度棗,蜜棗、台農1號、翠蜜、天蜜、高雄2號、高雄3號,屏東縣,高樹鄉
水果,1,印度棗,蜜棗、台農1號、翠蜜、天蜜、高雄2號、高雄3號,屏東縣,鹽埔鄉
水果,1,印度棗,蜜棗、台農1號、翠蜜、天蜜、高雄2號、高雄3號,屏東縣,里港鄉
水果,1,茂谷柑,,台中市,東勢區
水果,1,茂谷柑,,南投縣,水里鄉
水果,1,茂谷柑,,雲林縣,古坑鄉
水果,1,茂谷柑,,雲林縣,斗六市
水果,1,茂谷柑,,嘉義縣,竹崎鄉
水果,1,茂谷柑,,嘉義縣,梅山鄉
水果,1,海梨柑,,新竹縣,新埔鎮
水果,1,海梨柑,,新竹縣,關西鎮
水果,1,海梨柑,,新竹縣,芎林鄉
水果,1,海梨柑,,新竹縣,橫山鄉
水果,1,海梨柑,,苗栗縣,卓蘭鎮
水果,1,葡萄,巨峰,苗栗縣,卓蘭鎮
水果,1,葡萄,巨峰,台中市,東勢區
水果,1,葡萄,巨峰,台中市,新社區
水果,1,葡萄,巨峰,台中市,豐原區
水果,1,葡萄,巨峰,台中市,石岡區
水果,1,葡萄,巨峰,彰化縣,埔心鄉
水果,1,葡萄,巨峰,彰化縣,大村鄉
水果,1,葡萄,巨峰,彰化縣,員林鎮
水果,1,葡萄,巨峰,彰化縣,溪湖鎮
水果,1,葡萄,巨峰,南投縣,水里鄉
水果,1,葡萄,巨峰,南投縣,信義鄉
水果,1,葡萄,巨峰,南投縣,竹山鎮
水果,1,葡萄,蜜紅,彰化縣,埔心鄉
水果,1,葡萄,蜜紅,彰化縣,大村鄉
水果,1,金柑,長實金柑,彰化縣,二林鎮
水果,1,金柑,長實金柑,宜蘭縣,礁溪鄉
水果,1,金柑,長實金柑,宜蘭縣,員山鄉
水果,1,金柑,長實金柑,宜蘭縣,冬山鄉
水果,2,番荔枝,大麟種、軟枝種,台南市,歸仁區
水果,2,番荔枝,大麟種、軟枝種,台東縣,太麻里鄉
水果,2,番荔枝,大麟種、軟枝種,台東縣,卑南鄉
水果,2,番荔枝,大麟種、軟枝種,台東縣,東河鄉
水果,2,番荔枝,大麟種、軟枝種,台東縣,台東市
水果,2,番荔枝,鳳梨釋迦,台東縣,台東市
水果,2,番荔枝,鳳梨釋迦,台東縣,東河鄉
水果,2,番荔枝,鳳梨釋迦,台東縣,卑南鄉
水果,2,番荔枝,鳳梨釋迦,台東縣,太麻里鄉
水果,2,枇杷,茂木種,台中市,新社區
水果,2,枇杷,茂木種,台中市,太平區
水果,2,楊桃,馬來種、二林種、秤錘種、青乾種、紅龍、台農2號,苗栗縣,卓蘭鎮
水果,2,楊桃,馬來種、二林種、秤錘種、青乾種、紅龍、台農2號,台南市,楠西區
水果,2,楊桃,馬來種、二林種、秤錘種、青乾種、紅龍、台農2號,屏東縣,里港鄉
水果,2,番石榴,珍珠種、世紀種,彰化縣,溪州鄉
水果,2,番石榴,珍珠種、世紀種,彰化縣,社頭鄉
水果,2,番石榴,珍珠種、世紀種,台南市,楠西區
水果,2,番石榴,珍珠種、世紀種,台南市,玉井區
水果,2,番石榴,珍珠種、世紀種,高雄市,大社區
水果,2,番石榴,珍珠種、世紀種,高雄市,燕巢區
水果,2,番石榴,珍珠種、世紀種,高雄市,阿蓮區
水果,2,柳橙,,南投縣,中寮鄉
水果,2,柳橙,,雲林縣,斗南鎮
水果,2,柳橙,,雲林縣,古坑鄉
水果,2,柳橙,,嘉義縣,梅山鄉
水果,2,柳橙,,嘉義縣,番路鄉
水果,2,柳橙,,嘉義縣,民雄鄉
水果,2,柳橙,,嘉義縣,中埔鄉
水果,2,柳橙,,嘉義縣,竹崎鄉
水果,2,柳橙,,嘉義縣,大林鎮
水果,2,柳橙,,台南市,南化區
水果,2,柳橙,,台南市,官田區
水果,2,柳橙,,台南市,六甲區
水果,2,柳橙,,台南市,大內區
水果,2,柳橙,,台南市,白河區
水果,2,蓮霧,粉紅種及大粒種,高雄市,六龜區
水果,2,蓮霧,粉紅種及大粒種,屏東縣,新埤鄉
水果,2,蓮霧,粉紅種及大粒種,屏東縣,林邊鄉
水果,2,蓮霧,粉紅種及大粒種,屏東縣,南州鄉
水果,2,蓮霧,粉紅種及大粒種,屏東縣,枋寮鄉
水果,2,蓮霧,粉紅種及大粒種,屏東縣,佳冬鄉
水果,2,蓮霧,粉紅種及大粒種,屏東縣,鹽埔鄉
水果,2,蓮霧,粉紅種及大粒種,屏東縣,高樹鄉
水果,2,蓮霧,粉紅種及大粒種,屏東縣,長治鄉
水果,2,蓮霧,粉紅種及大粒種,屏東縣,麟洛鄉
水果,2,蓮霧,粉紅種及大粒種,屏東縣,潮州鎮
水果,2,蓮霧,粉紅種及大粒種,屏東縣,內埔鄉
水果,2,香蕉,北蕉及新北蕉,南投縣,南投市
水果,2,香蕉,北蕉及新北蕉,南投縣,國姓鄉
水果,2,香蕉,北蕉及新北蕉,南投縣,中寮鄉
水果,2,香蕉,北蕉及新北蕉,南投縣,水里鄉
水果,2,香蕉,北蕉及新北蕉,高雄市,美濃區
水果,2,香蕉,北蕉及新北蕉,高雄市,旗山區
水果,2,香蕉,北蕉及新北蕉,屏東縣,高樹鄉
水果,2,香蕉,北蕉及新北蕉,屏東縣,新埤鄉
水果,2,香蕉,北蕉及新北蕉,屏東縣,里港鄉
水果,2,木瓜,台農2號,南投縣,草屯鎮
水果,2,木瓜,台農2號,雲林縣,林內鄉
水果,2,木瓜,台農2號,嘉義縣,中埔鄉
水果,2,木瓜,台農2號,台南市,大內區
水果,2,木瓜,台農2號,台南市,南化區
水果,2,木瓜,台農2號,台南市,楠西區
水果,2,木瓜,台農2號,台南市,玉井區
水果,2,木瓜,台農2號,高雄市,美濃區
水果,2,木瓜,台農2號,屏東縣,新埤鄉
水果,2,木瓜,台農2號,屏東縣,高樹鄉
水果,2,木瓜,台農2號,屏東縣,萬巒鄉
水果,2,木瓜,台農2號,屏東縣,長治鄉
水果,2,桶柑,,新北市,三峽區
水果,2,桶柑,,新北市,新店區
水果,2,桶柑,,新竹縣,峨眉鄉
水果,2,桶柑,,台中市,和平區
水果,2,印度棗,蜜棗、台農1號、翠蜜、天蜜、高雄2號、高雄3號,台南市,玉井區
水果,2,印度棗,蜜棗、台農1號、翠蜜、天蜜、高雄2號、高雄3號,台南市,南化區
水果,2,印度棗,蜜棗、台農1號、翠蜜、天蜜、高雄2號、高雄3號,高雄市,阿蓮區
水果,2,印度棗,蜜棗、台農1號、翠蜜、天蜜、高雄2號、高雄3號,高雄市,岡山區
水果,2,印度棗,蜜棗、台農1號、翠蜜、天蜜、高雄2號、高雄3號,高雄市,大社區
水果,2,印度棗,蜜棗、台農1號、翠蜜、天蜜、高雄2號、高雄3號,屏東縣,燕巢區
水果,2,印度棗,蜜棗、台農1號、翠蜜、天蜜、高雄2號、高雄3號,屏東縣,鹽埔鄉
水果,2,印度棗,蜜棗、台農1號、翠蜜、天蜜、高雄2號、高雄3號,屏東縣,高樹鄉
水果,2,印度棗,蜜棗、台農1號、翠蜜、天蜜、高雄2號、高雄3號,屏東縣,里港鄉
水果,2,茂谷柑,,台中市,東勢區
水果,2,茂谷柑,,南投縣,水里鄉
水果,2,茂谷柑,,雲林縣,古坑鄉
水果,2,茂谷柑,,雲林縣,斗六市
水果,2,茂谷柑,,嘉義縣,梅山鄉
水果,2,茂谷柑,,嘉義縣,竹崎鄉
水果,2,海梨柑,,新竹縣,新埔鎮
水果,2,海梨柑,,新竹縣,橫山鄉
水果,2,海梨柑,,新竹縣,芎林鄉
水果,2,海梨柑,,新竹縣,關西鎮
水果,2,海梨柑,,苗栗縣,卓蘭鎮
水果,2,葡萄,巨峰,苗栗縣,卓蘭鎮
水果,2,葡萄,巨峰,台中市,東勢區
水果,2,葡萄,巨峰,台中市,新社區
水果,2,葡萄,巨峰,台中市,豐原區
水果,2,葡萄,巨峰,台中市,石岡區
水果,2,葡萄,巨峰,彰化縣,溪湖鎮
水果,2,葡萄,巨峰,彰化縣,大村鄉
水果,2,葡萄,巨峰,彰化縣,埔心鄉
水果,2,葡萄,巨峰,彰化縣,員林鎮
水果,2,葡萄,巨峰,南投縣,水里鄉
水果,2,葡萄,巨峰,南投縣,信義鄉
水果,2,葡萄,巨峰,南投縣,竹山鎮
水果,2,金柑,長實金柑,彰化縣,二林鎮
水果,2,金柑,長實金柑,宜蘭縣,冬山鄉
水果,2,金柑,長實金柑,宜蘭縣,員山鄉
水果,2,金柑,長實金柑,宜蘭縣,礁溪鄉
水果,3,番荔枝,大麟種、軟枝種,台南市,歸仁區
水果,3,番荔枝,大麟種、軟枝種,台東縣,太麻里鄉
水果,3,番荔枝,大麟種、軟枝種,台東縣,卑南鄉
水果,3,番荔枝,大麟種、軟枝種,台東縣,東河鄉
水果,3,番荔枝,大麟種、軟枝種,台東縣,台東市
水果,3,番荔枝,鳳梨釋迦,台東縣,台東市
水果,3,番荔枝,鳳梨釋迦,台東縣,東河鄉
水果,3,番荔枝,鳳梨釋迦,台東縣,卑南鄉
水果,3,番荔枝,鳳梨釋迦,台東縣,太麻里鄉
水果,3,枇杷,茂木種,台中市,新社區
水果,3,枇杷,茂木種,台中市,太平區
水果,3,楊桃,馬來種、二林種、秤錘種、青乾種、紅龍、台農2號,苗栗縣,卓蘭鎮
水果,3,楊桃,馬來種、二林種、秤錘種、青乾種、紅龍、台農2號,台南市,楠西區
水果,3,楊桃,馬來種、二林種、秤錘種、青乾種、紅龍、台農2號,屏東縣,里港鄉
水果,3,番石榴,珍珠種、世紀種,彰化縣,溪州鄉
水果,3,番石榴,珍珠種、世紀種,彰化縣,社頭鄉
水果,3,番石榴,珍珠種、世紀種,台南市,楠西區
水果,3,番石榴,珍珠種、世紀種,台南市,玉井區
水果,3,番石榴,珍珠種、世紀種,高雄市,大社區
水果,3,番石榴,珍珠種、世紀種,高雄市,阿蓮區
水果,3,番石榴,珍珠種、世紀種,高雄市,燕巢區
水果,3,椰子,高幹晚生及低幹早生,高雄市,旗山區
水果,3,椰子,高幹晚生及低幹早生,高雄市,美濃區
水果,3,椰子,高幹晚生及低幹早生,屏東縣,恆春鎮
水果,3,椰子,高幹晚生及低幹早生,屏東縣,高樹鄉
水果,3,椰子,高幹晚生及低幹早生,屏東縣,鹽埔鄉
水果,3,椰子,高幹晚生及低幹早生,屏東縣,長治鄉
水果,3,椰子,高幹晚生及低幹早生,台東縣,太麻里鄉
水果,3,椰子,高幹晚生及低幹早生,台東縣,東河鄉
水果,3,椰子,高幹晚生及低幹早生,台東縣,成功鄉
水果,3,椰子,高幹晚生及低幹早生,台東縣,卑南鄉
水果,3,蓮霧,粉紅種及大粒種,高雄市,六龜區
水果,3,蓮霧,粉紅種及大粒種,屏東縣,麟洛鄉
水果,3,蓮霧,粉紅種及大粒種,屏東縣,長治鄉
水果,3,蓮霧,粉紅種及大粒種,屏東縣,潮州鎮
水果,3,蓮霧,粉紅種及大粒種,屏東縣,內埔鄉
水果,3,蓮霧,粉紅種及大粒種,屏東縣,高樹鄉
水果,3,蓮霧,粉紅種及大粒種,屏東縣,鹽埔鄉
水果,3,蓮霧,粉紅種及大粒種,屏東縣,新埤鄉
水果,3,蓮霧,粉紅種及大粒種,屏東縣,南州鄉
水果,3,蓮霧,粉紅種及大粒種,屏東縣,林邊鄉
水果,3,蓮霧,粉紅種及大粒種,屏東縣,佳冬鄉
水果,3,蓮霧,粉紅種及大粒種,屏東縣,枋寮鄉
水果,3,香蕉,北蕉及新北蕉,南投縣,國姓鄉
水果,3,香蕉,北蕉及新北蕉,南投縣,中寮鄉
水果,3,香蕉,北蕉及新北蕉,南投縣,水里鄉
水果,3,香蕉,北蕉及新北蕉,南投縣,南投市
水果,3,香蕉,北蕉及新北蕉,高雄市,美濃區
水果,3,香蕉,北蕉及新北蕉,高雄市,旗山區
水果,3,香蕉,北蕉及新北蕉,屏東縣,新埤鄉
水果,3,香蕉,北蕉及新北蕉,屏東縣,高樹鄉
水果,3,香蕉,北蕉及新北蕉,屏東縣,里港鄉
水果,3,木瓜,台農2號,南投縣,草屯鎮
水果,3,木瓜,台農2號,雲林縣,林內鄉
水果,3,木瓜,台農2號,嘉義縣,中埔鄉
水果,3,木瓜,台農2號,台南市,大內區
水果,3,木瓜,台農2號,台南市,玉井區
水果,3,木瓜,台農2號,台南市,南化區
水果,3,木瓜,台農2號,台南市,楠西區
水果,3,木瓜,台農2號,高雄市,美濃區
水果,3,木瓜,台農2號,屏東縣,高樹鄉
水果,3,木瓜,台農2號,屏東縣,萬巒鄉
水果,3,木瓜,台農2號,屏東縣,長治鄉
水果,3,木瓜,台農2號,屏東縣,新埤鄉
水果,3,鳳梨,台農4，6，13，17號,高雄市,大樹區
水果,3,鳳梨,台農4，6，13，17號,高雄市,大樹區
水果,3,鳳梨,台農4，6，13，17號,屏東縣,新埤鄉
水果,3,鳳梨,台農4，6，13，17號,屏東縣,新埤鄉
水果,3,鳳梨,台農4，6，13，17號,屏東縣,內埔鄉
水果,3,鳳梨,台農4，6，13，17號,屏東縣,萬巒鄉
水果,3,鳳梨,台農4，6，13，17號,屏東縣,萬巒鄉
水果,3,鳳梨,台農4，6，13，17號,屏東縣,內埔鄉
水果,3,鳳梨,台農4，6，13，17號,屏東縣,高樹鄉
水果,3,鳳梨,台農4，6，13，17號,屏東縣,高樹鄉
水果,3,鳳梨,台農11，16，18，19，20，21號及開英品種,高雄市,大樹區
水果,3,鳳梨,台農11，16，18，19，20，21號及開英品種,屏東縣,高樹鄉
水果,3,鳳梨,台農11，16，18，19，20，21號及開英品種,屏東縣,萬巒鄉
水果,3,鳳梨,台農11，16，18，19，20，21號及開英品種,屏東縣,內埔鄉
水果,3,鳳梨,台農11，16，18，19，20，21號及開英品種,屏東縣,新埤鄉
水果,3,桶柑,,新北市,三峽區
水果,3,桶柑,,新北市,新店區
水果,3,桶柑,,新竹縣,峨眉鄉
水果,3,桶柑,,台中市,和平區
水果,3,印度棗,蜜棗、台農1號、翠蜜、天蜜、高雄2號、高雄3號,台南市,玉井區
水果,3,印度棗,蜜棗、台農1號、翠蜜、天蜜、高雄2號、高雄3號,台南市,南化區
水果,3,印度棗,蜜棗、台農1號、翠蜜、天蜜、高雄2號、高雄3號,高雄市,大社區
水果,3,印度棗,蜜棗、台農1號、翠蜜、天蜜、高雄2號、高雄3號,高雄市,岡山區
水果,3,印度棗,蜜棗、台農1號、翠蜜、天蜜、高雄2號、高雄3號,高雄市,阿蓮區
水果,3,印度棗,蜜棗、台農1號、翠蜜、天蜜、高雄2號、高雄3號,屏東縣,燕巢區
水果,3,印度棗,蜜棗、台農1號、翠蜜、天蜜、高雄2號、高雄3號,屏東縣,鹽埔鄉
水果,3,印度棗,蜜棗、台農1號、翠蜜、天蜜、高雄2號、高雄3號,屏東縣,高樹鄉
水果,3,印度棗,蜜棗、台農1號、翠蜜、天蜜、高雄2號、高雄3號,屏東縣,里港鄉
水果,3,海梨柑,,新竹縣,關西鎮
水果,3,海梨柑,,新竹縣,芎林鄉
水果,3,海梨柑,,新竹縣,橫山鄉
水果,3,海梨柑,,新竹縣,新埔鎮
水果,3,海梨柑,,苗栗縣,卓蘭鎮
水果,3,青梅,桃形梅、胭脂梅、長藤、萬山,台中市,和平區
水果,3,青梅,桃形梅、胭脂梅、長藤、萬山,南投縣,信義鄉
水果,3,青梅,桃形梅、胭脂梅、長藤、萬山,南投縣,水里鄉
水果,3,青梅,桃形梅、胭脂梅、長藤、萬山,南投縣,中寮鄉
水果,3,青梅,桃形梅、胭脂梅、長藤、萬山,南投縣,仁愛鄉
水果,3,青梅,桃形梅、胭脂梅、長藤、萬山,南投縣,國姓鄉
水果,3,青梅,桃形梅、胭脂梅、長藤、萬山,台南市,楠西區
水果,3,青梅,桃形梅、胭脂梅、長藤、萬山,高雄市,那瑪夏區
水果,3,青梅,桃形梅、胭脂梅、長藤、萬山,高雄市,六龜區
水果,3,青梅,桃形梅、胭脂梅、長藤、萬山,高雄市,甲仙區
水果,3,青梅,桃形梅、胭脂梅、長藤、萬山,高雄市,桃源區
水果,3,青梅,桃形梅、胭脂梅、長藤、萬山,台東縣,海端鄉
水果,3,青梅,桃形梅、胭脂梅、長藤、萬山,台東縣,池上鄉
水果,3,青梅,桃形梅、胭脂梅、長藤、萬山,台東縣,東河鄉
水果,3,青梅,桃形梅、胭脂梅、長藤、萬山,台東縣,卑南鄉
水果,3,青梅,桃形梅、胭脂梅、長藤、萬山,台東縣,延平鄉
水果,3,青梅,桃形梅、胭脂梅、長藤、萬山,花蓮縣,富里鄉
水果,4,芒果,在來種,台南市,大內區
水果,4,芒果,在來種,台南市,玉井區
水果,4,芒果,在來種,台南市,楠西區
水果,4,芒果,在來種,台南市,南化區
水果,4,芒果,在來種,屏東縣,新埤鄉
水果,4,芒果,在來種,屏東縣,高樹鄉
水果,4,芒果,在來種,屏東縣,鹽埔鄉
水果,4,枇杷,茂木種,台中市,新社區
水果,4,枇杷,茂木種,台中市,太平區
水果,4,楊桃,馬來種、二林種、秤錘種、青乾種、紅龍、台農2號,苗栗縣,卓蘭鎮
水果,4,楊桃,馬來種、二林種、秤錘種、青乾種、紅龍、台農2號,台南市,楠西區
水果,4,楊桃,馬來種、二林種、秤錘種、青乾種、紅龍、台農2號,屏東縣,里港鄉
水果,4,番石榴,珍珠種、世紀種,彰化縣,社頭鄉
水果,4,番石榴,珍珠種、世紀種,彰化縣,溪州鄉
水果,4,番石榴,珍珠種、世紀種,台南市,楠西區
水果,4,番石榴,珍珠種、世紀種,台南市,玉井區
水果,4,番石榴,珍珠種、世紀種,高雄市,大社區
水果,4,番石榴,珍珠種、世紀種,高雄市,燕巢區
水果,4,番石榴,珍珠種、世紀種,高雄市,阿蓮區
水果,4,椰子,高幹晚生及低幹早生,高雄市,旗山區
水果,4,椰子,高幹晚生及低幹早生,高雄市,美濃區
水果,4,椰子,高幹晚生及低幹早生,屏東縣,恆春鎮
水果,4,椰子,高幹晚生及低幹早生,屏東縣,鹽埔鄉
水果,4,椰子,高幹晚生及低幹早生,屏東縣,高樹鄉
水果,4,椰子,高幹晚生及低幹早生,屏東縣,長治鄉
水果,4,椰子,高幹晚生及低幹早生,台東縣,太麻里鄉
水果,4,椰子,高幹晚生及低幹早生,台東縣,成功鄉
水果,4,椰子,高幹晚生及低幹早生,台東縣,東河鄉
水果,4,椰子,高幹晚生及低幹早生,台東縣,卑南鄉
水果,4,蓮霧,粉紅種及大粒種,高雄市,六龜區
水果,4,蓮霧,粉紅種及大粒種,屏東縣,麟洛鄉
水果,4,蓮霧,粉紅種及大粒種,屏東縣,長治鄉
水果,4,蓮霧,粉紅種及大粒種,屏東縣,內埔鄉
水果,4,蓮霧,粉紅種及大粒種,屏東縣,潮州鎮
水果,4,蓮霧,粉紅種及大粒種,屏東縣,高樹鄉
水果,4,蓮霧,粉紅種及大粒種,屏東縣,鹽埔鄉
水果,4,蓮霧,粉紅種及大粒種,屏東縣,枋寮鄉
水果,4,蓮霧,粉紅種及大粒種,屏東縣,佳冬鄉
水果,4,蓮霧,粉紅種及大粒種,屏東縣,林邊鄉
水果,4,蓮霧,粉紅種及大粒種,屏東縣,南州鄉
水果,4,蓮霧,粉紅種及大粒種,屏東縣,新埤鄉
水果,4,香蕉,北蕉及新北蕉,南投縣,水里鄉
水果,4,香蕉,北蕉及新北蕉,南投縣,國姓鄉
水果,4,香蕉,北蕉及新北蕉,南投縣,南投市
水果,4,香蕉,北蕉及新北蕉,南投縣,中寮鄉
水果,4,香蕉,北蕉及新北蕉,高雄市,美濃區
水果,4,香蕉,北蕉及新北蕉,高雄市,旗山區
水果,4,香蕉,北蕉及新北蕉,屏東縣,新埤鄉
水果,4,香蕉,北蕉及新北蕉,屏東縣,高樹鄉
水果,4,香蕉,北蕉及新北蕉,屏東縣,里港鄉
水果,4,木瓜,台農2號,南投縣,草屯鎮
水果,4,木瓜,台農2號,雲林縣,林內鄉
水果,4,木瓜,台農2號,嘉義縣,中埔鄉
水果,4,木瓜,台農2號,台南市,大內區
水果,4,木瓜,台農2號,台南市,玉井區
水果,4,木瓜,台農2號,台南市,楠西區
水果,4,木瓜,台農2號,台南市,南化區
水果,4,木瓜,台農2號,高雄市,美濃區
水果,4,木瓜,台農2號,屏東縣,高樹鄉
水果,4,木瓜,台農2號,屏東縣,萬巒鄉
水果,4,木瓜,台農2號,屏東縣,長治鄉
水果,4,木瓜,台農2號,屏東縣,新埤鄉
水果,4,鳳梨,台農4，6，13，17號,高雄市,大樹區
水果,4,鳳梨,台農4，6，13，17號,高雄市,大樹區
水果,4,鳳梨,台農4，6，13，17號,屏東縣,新埤鄉
水果,4,鳳梨,台農4，6，13，17號,屏東縣,新埤鄉
水果,4,鳳梨,台農4，6，13，17號,屏東縣,萬巒鄉
水果,4,鳳梨,台農4，6，13，17號,屏東縣,內埔鄉
水果,4,鳳梨,台農4，6，13，17號,屏東縣,高樹鄉
水果,4,鳳梨,台農4，6，13，17號,屏東縣,內埔鄉
水果,4,鳳梨,台農4，6，13，17號,屏東縣,萬巒鄉
水果,4,鳳梨,台農4，6，13，17號,屏東縣,高樹鄉
水果,4,鳳梨,台農11，16，18，19，20，21號及開英品種,高雄市,大樹區
水果,4,鳳梨,台農11，16，18，19，20，21號及開英品種,屏東縣,高樹鄉
水果,4,鳳梨,台農11，16，18，19，20，21號及開英品種,屏東縣,萬巒鄉
水果,4,鳳梨,台農11，16，18，19，20，21號及開英品種,屏東縣,內埔鄉
水果,4,鳳梨,台農11，16，18，19，20，21號及開英品種,屏東縣,新埤鄉
水果,4,甜蜜桃,台農1號,苗栗縣,大湖鄉
水果,4,甜蜜桃,台農1號,苗栗縣,卓蘭鎮
水果,4,甜蜜桃,台農1號,台中市,新社區
水果,4,甜蜜桃,台農1號,台中市,石岡區
水果,4,甜蜜桃,台農1號,台中市,東勢區
水果,4,青梅,桃形梅、胭脂梅、長藤、萬山,台中市,和平區
水果,4,青梅,桃形梅、胭脂梅、長藤、萬山,南投縣,中寮鄉
水果,4,青梅,桃形梅、胭脂梅、長藤、萬山,南投縣,國姓鄉
水果,4,青梅,桃形梅、胭脂梅、長藤、萬山,南投縣,仁愛鄉
水果,4,青梅,桃形梅、胭脂梅、長藤、萬山,南投縣,水里鄉
水果,4,青梅,桃形梅、胭脂梅、長藤、萬山,南投縣,信義鄉
水果,4,青梅,桃形梅、胭脂梅、長藤、萬山,台南市,楠西區
水果,4,青梅,桃形梅、胭脂梅、長藤、萬山,高雄市,那瑪夏區
水果,4,青梅,桃形梅、胭脂梅、長藤、萬山,高雄市,六龜區
水果,4,青梅,桃形梅、胭脂梅、長藤、萬山,高雄市,甲仙區
水果,4,青梅,桃形梅、胭脂梅、長藤、萬山,高雄市,桃源區
水果,4,青梅,桃形梅、胭脂梅、長藤、萬山,台東縣,東河鄉
水果,4,青梅,桃形梅、胭脂梅、長藤、萬山,台東縣,池上鄉
水果,4,青梅,桃形梅、胭脂梅、長藤、萬山,台東縣,海端鄉
水果,4,青梅,桃形梅、胭脂梅、長藤、萬山,台東縣,卑南鄉
水果,4,青梅,桃形梅、胭脂梅、長藤、萬山,台東縣,延平鄉
水果,4,青梅,桃形梅、胭脂梅、長藤、萬山,花蓮縣,富里鄉
水果,5,芒果,在來種,台南市,大內區
水果,5,芒果,在來種,台南市,玉井區
水果,5,芒果,在來種,台南市,南化區
水果,5,芒果,在來種,台南市,楠西區
水果,5,芒果,在來種,屏東縣,新埤鄉
水果,5,芒果,在來種,屏東縣,鹽埔鄉
水果,5,芒果,在來種,屏東縣,高樹鄉
水果,5,芒果,愛文、聖心、金煌、金興,台南市,楠西區
水果,5,芒果,愛文、聖心、金煌、金興,台南市,玉井區
水果,5,芒果,愛文、聖心、金煌、金興,台南市,大內區
水果,5,芒果,愛文、聖心、金煌、金興,台南市,南化區
水果,5,芒果,愛文、聖心、金煌、金興,台南市,官田區
水果,5,芒果,愛文、聖心、金煌、金興,高雄市,六龜區
水果,5,芒果,愛文、聖心、金煌、金興,屏東縣,枋寮鄉
水果,5,芒果,愛文、聖心、金煌、金興,屏東縣,枋山鄉
水果,5,枇杷,茂木種,台中市,新社區
水果,5,枇杷,茂木種,台中市,太平區
水果,5,高接梨,新興、豐水、幸水,苗栗縣,卓蘭鎮
水果,5,高接梨,新興、豐水、幸水,苗栗縣,三灣鄉
水果,5,高接梨,新興、豐水、幸水,苗栗縣,大湖鄉
水果,5,高接梨,新興、豐水、幸水,台中市,后里區
水果,5,高接梨,新興、豐水、幸水,台中市,石岡區
水果,5,高接梨,新興、豐水、幸水,台中市,新社區
水果,5,高接梨,新興、豐水、幸水,台中市,東勢區
水果,5,高接梨,新興、豐水、幸水,嘉義縣,竹崎鄉
水果,5,高接梨,新興、豐水、幸水,宜蘭縣,三星鄉
水果,5,高接梨,新興、豐水、幸水,宜蘭縣,冬山鄉
水果,5,番石榴,珍珠種、世紀種,彰化縣,溪州鄉
水果,5,番石榴,珍珠種、世紀種,彰化縣,社頭鄉
水果,5,番石榴,珍珠種、世紀種,台南市,楠西區
水果,5,番石榴,珍珠種、世紀種,台南市,玉井區
水果,5,番石榴,珍珠種、世紀種,高雄市,阿蓮區
水果,5,番石榴,珍珠種、世紀種,高雄市,燕巢區
水果,5,番石榴,珍珠種、世紀種,高雄市,大社區
水果,5,水蜜桃,白鳳,桃園縣,復興鄉
水果,5,水蜜桃,白鳳,新竹縣,五峰鄉
水果,5,水蜜桃,白鳳,台中市,和平區
水果,5,水蜜桃,白鳳,南投縣,仁愛鄉
水果,5,椰子,高幹晚生及低幹早生,高雄市,旗山區
水果,5,椰子,高幹晚生及低幹早生,高雄市,美濃區
水果,5,椰子,高幹晚生及低幹早生,屏東縣,恆春鎮
水果,5,椰子,高幹晚生及低幹早生,屏東縣,高樹鄉
水果,5,椰子,高幹晚生及低幹早生,屏東縣,鹽埔鄉
水果,5,椰子,高幹晚生及低幹早生,屏東縣,長治鄉
水果,5,椰子,高幹晚生及低幹早生,台東縣,卑南鄉
水果,5,椰子,高幹晚生及低幹早生,台東縣,太麻里鄉
水果,5,椰子,高幹晚生及低幹早生,台東縣,成功鄉
水果,5,椰子,高幹晚生及低幹早生,台東縣,東河鄉
水果,5,荔枝,三月紅及玉荷包,高雄市,旗山區
水果,5,荔枝,三月紅及玉荷包,高雄市,大樹區
水果,5,蓮霧,粉紅種及大粒種,高雄市,六龜區
水果,5,蓮霧,粉紅種及大粒種,屏東縣,麟洛鄉
水果,5,蓮霧,粉紅種及大粒種,屏東縣,長治鄉
水果,5,蓮霧,粉紅種及大粒種,屏東縣,內埔鄉
水果,5,蓮霧,粉紅種及大粒種,屏東縣,潮州鎮
水果,5,蓮霧,粉紅種及大粒種,屏東縣,鹽埔鄉
水果,5,蓮霧,粉紅種及大粒種,屏東縣,高樹鄉
水果,5,蓮霧,粉紅種及大粒種,屏東縣,枋寮鄉
水果,5,蓮霧,粉紅種及大粒種,屏東縣,佳冬鄉
水果,5,蓮霧,粉紅種及大粒種,屏東縣,新埤鄉
水果,5,蓮霧,粉紅種及大粒種,屏東縣,南州鄉
水果,5,蓮霧,粉紅種及大粒種,屏東縣,林邊鄉
水果,5,香蕉,北蕉及新北蕉,南投縣,水里鄉
水果,5,香蕉,北蕉及新北蕉,南投縣,國姓鄉
水果,5,香蕉,北蕉及新北蕉,南投縣,中寮鄉
水果,5,香蕉,北蕉及新北蕉,南投縣,南投市
水果,5,香蕉,北蕉及新北蕉,高雄市,美濃區
水果,5,香蕉,北蕉及新北蕉,高雄市,旗山區
水果,5,香蕉,北蕉及新北蕉,屏東縣,新埤鄉
水果,5,香蕉,北蕉及新北蕉,屏東縣,高樹鄉
水果,5,香蕉,北蕉及新北蕉,屏東縣,里港鄉
水果,5,木瓜,台農2號,南投縣,草屯鎮
水果,5,木瓜,台農2號,雲林縣,林內鄉
水果,5,木瓜,台農2號,嘉義縣,中埔鄉
水果,5,木瓜,台農2號,台南市,南化區
水果,5,木瓜,台農2號,台南市,大內區
水果,5,木瓜,台農2號,台南市,玉井區
水果,5,木瓜,台農2號,台南市,楠西區
水果,5,木瓜,台農2號,高雄市,美濃區
水果,5,木瓜,台農2號,屏東縣,高樹鄉
水果,5,木瓜,台農2號,屏東縣,萬巒鄉
水果,5,木瓜,台農2號,屏東縣,長治鄉
水果,5,木瓜,台農2號,屏東縣,新埤鄉
水果,5,鳳梨,台農4，6，13，17號,嘉義縣,民雄鄉
水果,5,鳳梨,台農4，6，13，17號,台南市,新化區
水果,5,鳳梨,台農4，6，13，17號,台南市,關廟區
水果,5,鳳梨,台農4，6，13，17號,台南市,山上區
水果,5,鳳梨,台農4，6，13，17號,高雄市,大樹區
水果,5,鳳梨,台農4，6，13，17號,屏東縣,新埤鄉
水果,5,鳳梨,台農4，6，13，17號,屏東縣,內埔鄉
水果,5,鳳梨,台農4，6，13，17號,屏東縣,萬巒鄉
水果,5,鳳梨,台農4，6，13，17號,屏東縣,高樹鄉
水果,5,鳳梨,台農11，16，18，19，20，21號及開英品種,嘉義縣,民雄鄉
水果,5,鳳梨,台農11，16，18，19，20，21號及開英品種,台南市,關廟區
水果,5,鳳梨,台農11，16，18，19，20，21號及開英品種,台南市,山上區
水果,5,鳳梨,台農11，16，18，19，20，21號及開英品種,台南市,新化區
水果,5,鳳梨,台農11，16，18，19，20，21號及開英品種,高雄市,大樹區
水果,5,鳳梨,台農11，16，18，19，20，21號及開英品種,屏東縣,高樹鄉
水果,5,鳳梨,台農11，16，18，19，20，21號及開英品種,屏東縣,萬巒鄉
水果,5,鳳梨,台農11，16，18，19，20，21號及開英品種,屏東縣,內埔鄉
水果,5,鳳梨,台農11，16，18，19，20，21號及開英品種,屏東縣,新埤鄉
水果,5,李,紅肉李、泰安李、沙連李、桃接李、杏菜李,苗栗縣,大湖鄉
水果,5,李,紅肉李、泰安李、沙連李、桃接李、杏菜李,苗栗縣,泰安鄉
水果,5,李,紅肉李、泰安李、沙連李、桃接李、杏菜李,苗栗縣,三義鄉
水果,5,葡萄,巨峰,苗栗縣,卓蘭鎮
水果,5,葡萄,巨峰,台中市,新社區
水果,5,葡萄,巨峰,台中市,石岡區
水果,5,葡萄,巨峰,台中市,東勢區
水果,5,葡萄,巨峰,台中市,豐原區
水果,5,葡萄,巨峰,彰化縣,員林鎮
水果,5,葡萄,巨峰,彰化縣,埔心鄉
水果,5,葡萄,巨峰,彰化縣,大村鄉
水果,5,葡萄,巨峰,彰化縣,溪湖鎮
水果,5,葡萄,巨峰,南投縣,竹山鎮
水果,5,葡萄,巨峰,南投縣,信義鄉
水果,5,葡萄,巨峰,南投縣,水里鄉
水果,5,葡萄,蜜紅,彰化縣,埔心鄉
水果,5,葡萄,蜜紅,彰化縣,大村鄉
水果,5,甜蜜桃,台農1號,苗栗縣,大湖鄉
水果,5,甜蜜桃,台農1號,苗栗縣,卓蘭鎮
水果,5,甜蜜桃,台農1號,台中市,東勢區
水果,5,甜蜜桃,台農1號,台中市,石岡區
水果,5,甜蜜桃,台農1號,台中市,新社區
水果,5,青梅,桃形梅、胭脂梅、長藤、萬山,台中市,和平區
水果,5,青梅,桃形梅、胭脂梅、長藤、萬山,南投縣,信義鄉
水果,5,青梅,桃形梅、胭脂梅、長藤、萬山,南投縣,水里鄉
水果,5,青梅,桃形梅、胭脂梅、長藤、萬山,南投縣,中寮鄉
水果,5,青梅,桃形梅、胭脂梅、長藤、萬山,南投縣,仁愛鄉
水果,5,青梅,桃形梅、胭脂梅、長藤、萬山,南投縣,國姓鄉
水果,5,青梅,桃形梅、胭脂梅、長藤、萬山,台南市,楠西區
水果,5,青梅,桃形梅、胭脂梅、長藤、萬山,高雄市,那瑪夏區
水果,5,青梅,桃形梅、胭脂梅、長藤、萬山,高雄市,六龜區
水果,5,青梅,桃形梅、胭脂梅、長藤、萬山,高雄市,甲仙區
水果,5,青梅,桃形梅、胭脂梅、長藤、萬山,高雄市,桃源區
水果,5,青梅,桃形梅、胭脂梅、長藤、萬山,台東縣,海端鄉
水果,5,青梅,桃形梅、胭脂梅、長藤、萬山,台東縣,池上鄉
水果,5,青梅,桃形梅、胭脂梅、長藤、萬山,台東縣,東河鄉
水果,5,青梅,桃形梅、胭脂梅、長藤、萬山,台東縣,卑南鄉
水果,5,青梅,桃形梅、胭脂梅、長藤、萬山,台東縣,延平鄉
水果,5,青梅,桃形梅、胭脂梅、長藤、萬山,花蓮縣,富里鄉
水果,6,芒果,在來種,台南市,大內區
水果,6,芒果,在來種,台南市,玉井區
水果,6,芒果,在來種,台南市,楠西區
水果,6,芒果,在來種,台南市,南化區
水果,6,芒果,在來種,屏東縣,新埤鄉
水果,6,芒果,在來種,屏東縣,鹽埔鄉
水果,6,芒果,在來種,屏東縣,高樹鄉
水果,6,芒果,愛文、聖心、金煌、金興,台南市,楠西區
水果,6,芒果,愛文、聖心、金煌、金興,台南市,玉井區
水果,6,芒果,愛文、聖心、金煌、金興,台南市,官田區
水果,6,芒果,愛文、聖心、金煌、金興,台南市,南化區
水果,6,芒果,愛文、聖心、金煌、金興,台南市,大內區
水果,6,芒果,愛文、聖心、金煌、金興,高雄市,六龜區
水果,6,芒果,愛文、聖心、金煌、金興,屏東縣,枋山鄉
水果,6,芒果,愛文、聖心、金煌、金興,屏東縣,枋寮鄉
水果,6,高接梨,新興、豐水、幸水,苗栗縣,卓蘭鎮
水果,6,高接梨,新興、豐水、幸水,苗栗縣,三灣鄉
水果,6,高接梨,新興、豐水、幸水,苗栗縣,大湖鄉
水果,6,高接梨,新興、豐水、幸水,台中市,新社區
水果,6,高接梨,新興、豐水、幸水,台中市,東勢區
水果,6,高接梨,新興、豐水、幸水,台中市,石岡區
水果,6,高接梨,新興、豐水、幸水,台中市,后里區
水果,6,高接梨,新興、豐水、幸水,嘉義縣,竹崎鄉
水果,6,高接梨,新興、豐水、幸水,宜蘭縣,冬山鄉
水果,6,高接梨,新興、豐水、幸水,宜蘭縣,三星鄉
水果,6,番石榴,珍珠種、世紀種,彰化縣,溪州鄉
水果,6,番石榴,珍珠種、世紀種,彰化縣,社頭鄉
水果,6,番石榴,珍珠種、世紀種,台南市,玉井區
水果,6,番石榴,珍珠種、世紀種,台南市,楠西區
水果,6,番石榴,珍珠種、世紀種,高雄市,大社區
水果,6,番石榴,珍珠種、世紀種,高雄市,燕巢區
水果,6,番石榴,珍珠種、世紀種,高雄市,阿蓮區
水果,6,水蜜桃,白鳳,桃園縣,復興鄉
水果,6,水蜜桃,白鳳,新竹縣,五峰鄉
水果,6,水蜜桃,白鳳,台中市,和平區
水果,6,水蜜桃,白鳳,南投縣,仁愛鄉
水果,6,椰子,高幹晚生及低幹早生,高雄市,旗山區
水果,6,椰子,高幹晚生及低幹早生,高雄市,美濃區
水果,6,椰子,高幹晚生及低幹早生,屏東縣,恆春鎮
水果,6,椰子,高幹晚生及低幹早生,屏東縣,高樹鄉
水果,6,椰子,高幹晚生及低幹早生,屏東縣,鹽埔鄉
水果,6,椰子,高幹晚生及低幹早生,屏東縣,長治鄉
水果,6,椰子,高幹晚生及低幹早生,台東縣,太麻里鄉
水果,6,椰子,高幹晚生及低幹早生,台東縣,卑南鄉
水果,6,椰子,高幹晚生及低幹早生,台東縣,成功鄉
水果,6,椰子,高幹晚生及低幹早生,台東縣,東河鄉
水果,6,荔枝,三月紅及玉荷包,高雄市,旗山區
水果,6,荔枝,三月紅及玉荷包,高雄市,大樹區
水果,6,荔枝,黑葉,新竹市,香山區
水果,6,荔枝,黑葉,台中市,神岡區
水果,6,荔枝,黑葉,台中市,太平區
水果,6,荔枝,黑葉,台中市,霧峰區
水果,6,荔枝,黑葉,彰化縣,芬園鄉
水果,6,荔枝,黑葉,彰化縣,彰化市
水果,6,荔枝,黑葉,南投縣,草屯鎮
水果,6,荔枝,黑葉,南投縣,南投市
水果,6,荔枝,黑葉,嘉義縣,竹崎鄉
水果,6,荔枝,黑葉,高雄市,大樹區
水果,6,荔枝,黑葉,高雄市,旗山區
水果,6,荔枝,黑葉,高雄市,杉林區
水果,6,荔枝,糯米茲及淮荔,台中市,太平區
水果,6,荔枝,糯米茲及淮荔,南投縣,南投市
水果,6,荔枝,糯米茲及淮荔,南投縣,集集鎮
水果,6,荔枝,糯米茲及淮荔,南投縣,水里鄉
水果,6,香蕉,北蕉及新北蕉,南投縣,水里鄉
水果,6,香蕉,北蕉及新北蕉,南投縣,中寮鄉
水果,6,香蕉,北蕉及新北蕉,南投縣,國姓鄉
水果,6,香蕉,北蕉及新北蕉,南投縣,南投市
水果,6,香蕉,北蕉及新北蕉,高雄市,美濃區
水果,6,香蕉,北蕉及新北蕉,高雄市,旗山區
水果,6,香蕉,北蕉及新北蕉,屏東縣,高樹鄉
水果,6,香蕉,北蕉及新北蕉,屏東縣,新埤鄉
水果,6,香蕉,北蕉及新北蕉,屏東縣,里港鄉
水果,6,木瓜,台農2號,南投縣,草屯鎮
水果,6,木瓜,台農2號,雲林縣,林內鄉
水果,6,木瓜,台農2號,嘉義縣,中埔鄉
水果,6,木瓜,台農2號,台南市,大內區
水果,6,木瓜,台農2號,台南市,玉井區
水果,6,木瓜,台農2號,台南市,南化區
水果,6,木瓜,台農2號,台南市,楠西區
水果,6,木瓜,台農2號,高雄市,美濃區
水果,6,木瓜,台農2號,屏東縣,新埤鄉
水果,6,木瓜,台農2號,屏東縣,高樹鄉
水果,6,木瓜,台農2號,屏東縣,長治鄉
水果,6,木瓜,台農2號,屏東縣,萬巒鄉
水果,6,鳳梨,台農4，6，13，17號,彰化縣,芬園鄉
水果,6,鳳梨,台農4，6，13，17號,南投縣,名間鄉
水果,6,鳳梨,台農4，6，13，17號,雲林縣,古坑鄉
水果,6,鳳梨,台農4，6，13，17號,嘉義縣,民雄鄉
水果,6,鳳梨,台農4，6，13，17號,台南市,關廟區
水果,6,鳳梨,台農4，6，13，17號,台南市,山上區
水果,6,鳳梨,台農4，6，13，17號,台南市,新化區
水果,6,鳳梨,台農4，6，13，17號,高雄市,大樹區
水果,6,鳳梨,台農4，6，13，17號,屏東縣,萬巒鄉
水果,6,鳳梨,台農4，6，13，17號,屏東縣,內埔鄉
水果,6,鳳梨,台農4，6，13，17號,屏東縣,高樹鄉
水果,6,鳳梨,台農4，6，13，17號,屏東縣,新埤鄉
水果,6,鳳梨,台農11，16，18，19，20，21號及開英品種,彰化縣,芬園鄉
水果,6,鳳梨,台農11，16，18，19，20，21號及開英品種,南投縣,名間鄉
水果,6,鳳梨,台農11，16，18，19，20，21號及開英品種,雲林縣,古坑鄉
水果,6,鳳梨,台農11，16，18，19，20，21號及開英品種,嘉義縣,民雄鄉
水果,6,鳳梨,台農11，16，18，19，20，21號及開英品種,台南市,新化區
水果,6,鳳梨,台農11，16，18，19，20，21號及開英品種,台南市,山上區
水果,6,鳳梨,台農11，16，18，19，20，21號及開英品種,台南市,關廟區
水果,6,鳳梨,台農11，16，18，19，20，21號及開英品種,高雄市,大樹區
水果,6,鳳梨,台農11，16，18，19，20，21號及開英品種,屏東縣,高樹鄉
水果,6,鳳梨,台農11，16，18，19，20，21號及開英品種,屏東縣,萬巒鄉
水果,6,鳳梨,台農11，16，18，19，20，21號及開英品種,屏東縣,內埔鄉
水果,6,鳳梨,台農11，16，18，19，20，21號及開英品種,屏東縣,新埤鄉
水果,6,李,紅肉李、泰安李、沙連李、桃接李、杏菜李,苗栗縣,大湖鄉
水果,6,李,紅肉李、泰安李、沙連李、桃接李、杏菜李,苗栗縣,泰安鄉
水果,6,李,紅肉李、泰安李、沙連李、桃接李、杏菜李,苗栗縣,三義鄉
水果,6,葡萄,巨峰,苗栗縣,卓蘭鎮
水果,6,葡萄,巨峰,台中市,豐原區
水果,6,葡萄,巨峰,台中市,石岡區
水果,6,葡萄,巨峰,台中市,東勢區
水果,6,葡萄,巨峰,台中市,新社區
水果,6,葡萄,巨峰,彰化縣,員林鎮
水果,6,葡萄,巨峰,彰化縣,埔心鄉
水果,6,葡萄,巨峰,彰化縣,溪湖鎮
水果,6,葡萄,巨峰,彰化縣,大村鄉
水果,6,葡萄,巨峰,南投縣,竹山鎮
水果,6,葡萄,巨峰,南投縣,水里鄉
水果,6,葡萄,巨峰,南投縣,信義鄉
水果,6,葡萄,蜜紅,彰化縣,大村鄉
水果,6,葡萄,蜜紅,彰化縣,埔心鄉
水果,6,酪梨,嘉選1號、嘉選2號、嘉選3號、嘉選4號、清進1號、清進2號、章安、秋可得、厚兒,台南市,麻豆區
水果,6,酪梨,嘉選1號、嘉選2號、嘉選3號、嘉選4號、清進1號、清進2號、章安、秋可得、厚兒,台南市,佳里區
水果,6,酪梨,嘉選1號、嘉選2號、嘉選3號、嘉選4號、清進1號、清進2號、章安、秋可得、厚兒,台南市,大內區
水果,7,芒果,愛文、聖心、金煌、金興,台南市,大內區
水果,7,芒果,愛文、聖心、金煌、金興,台南市,官田區
水果,7,芒果,愛文、聖心、金煌、金興,台南市,南化區
水果,7,芒果,愛文、聖心、金煌、金興,台南市,玉井區
水果,7,芒果,愛文、聖心、金煌、金興,台南市,楠西區
水果,7,芒果,愛文、聖心、金煌、金興,高雄市,六龜區
水果,7,芒果,愛文、聖心、金煌、金興,屏東縣,枋山鄉
水果,7,芒果,愛文、聖心、金煌、金興,屏東縣,枋寮鄉
水果,7,番荔枝,大麟種、軟枝種,台南市,歸仁區
水果,7,番荔枝,大麟種、軟枝種,台東縣,太麻里鄉
水果,7,番荔枝,大麟種、軟枝種,台東縣,東河鄉
水果,7,番荔枝,大麟種、軟枝種,台東縣,台東市
水果,7,番荔枝,大麟種、軟枝種,台東縣,卑南鄉
水果,7,番荔枝,鳳梨釋迦,台東縣,台東市
水果,7,番荔枝,鳳梨釋迦,台東縣,卑南鄉
水果,7,番荔枝,鳳梨釋迦,台東縣,東河鄉
水果,7,番荔枝,鳳梨釋迦,台東縣,太麻里鄉
水果,7,龍眼,青殼、紅殼、粉殼,台中市,霧峰區
水果,7,龍眼,青殼、紅殼、粉殼,台中市,太平區
水果,7,龍眼,青殼、紅殼、粉殼,台中市,大里區
水果,7,龍眼,青殼、紅殼、粉殼,南投縣,南投市
水果,7,龍眼,青殼、紅殼、粉殼,南投縣,中寮鄉
水果,7,龍眼,青殼、紅殼、粉殼,嘉義縣,竹崎鄉
水果,7,龍眼,青殼、紅殼、粉殼,台南市,南化區
水果,7,龍眼,青殼、紅殼、粉殼,台南市,龍崎區
水果,7,龍眼,青殼、紅殼、粉殼,台南市,東山區
水果,7,龍眼,青殼、紅殼、粉殼,台南市,六甲區
水果,7,龍眼,青殼、紅殼、粉殼,台南市,楠西區
水果,7,龍眼,青殼、紅殼、粉殼,高雄市,內門區
水果,7,龍眼,青殼、紅殼、粉殼,高雄市,田寮區
水果,7,楊桃,馬來種、二林種、秤錘種、青乾種、紅龍、台農2號,苗栗縣,卓蘭鎮
水果,7,楊桃,馬來種、二林種、秤錘種、青乾種、紅龍、台農2號,台南市,楠西區
水果,7,楊桃,馬來種、二林種、秤錘種、青乾種、紅龍、台農2號,屏東縣,里港鄉
水果,7,高接梨,新興、豐水、幸水,苗栗縣,卓蘭鎮
水果,7,高接梨,新興、豐水、幸水,苗栗縣,三灣鄉
水果,7,高接梨,新興、豐水、幸水,苗栗縣,大湖鄉
水果,7,高接梨,新興、豐水、幸水,台中市,后里區
水果,7,高接梨,新興、豐水、幸水,台中市,石岡區
水果,7,高接梨,新興、豐水、幸水,台中市,新社區
水果,7,高接梨,新興、豐水、幸水,台中市,東勢區
水果,7,高接梨,新興、豐水、幸水,嘉義縣,竹崎鄉
水果,7,高接梨,新興、豐水、幸水,宜蘭縣,三星鄉
水果,7,高接梨,新興、豐水、幸水,宜蘭縣,冬山鄉
水果,7,番石榴,珍珠種、世紀種,彰化縣,溪州鄉
水果,7,番石榴,珍珠種、世紀種,彰化縣,社頭鄉
水果,7,番石榴,珍珠種、世紀種,台南市,楠西區
水果,7,番石榴,珍珠種、世紀種,台南市,玉井區
水果,7,番石榴,珍珠種、世紀種,高雄市,阿蓮區
水果,7,番石榴,珍珠種、世紀種,高雄市,燕巢區
水果,7,番石榴,珍珠種、世紀種,高雄市,大社區
水果,7,水蜜桃,白鳳,桃園縣,復興鄉
水果,7,水蜜桃,白鳳,新竹縣,五峰鄉
水果,7,水蜜桃,白鳳,台中市,和平區
水果,7,水蜜桃,白鳳,南投縣,仁愛鄉
水果,7,椰子,高幹晚生及低幹早生,高雄市,旗山區
水果,7,椰子,高幹晚生及低幹早生,高雄市,美濃區
水果,7,椰子,高幹晚生及低幹早生,屏東縣,恆春鎮
水果,7,椰子,高幹晚生及低幹早生,屏東縣,長治鄉
水果,7,椰子,高幹晚生及低幹早生,屏東縣,高樹鄉
水果,7,椰子,高幹晚生及低幹早生,屏東縣,鹽埔鄉
水果,7,椰子,高幹晚生及低幹早生,台東縣,卑南鄉
水果,7,椰子,高幹晚生及低幹早生,台東縣,成功鄉
水果,7,椰子,高幹晚生及低幹早生,台東縣,東河鄉
水果,7,椰子,高幹晚生及低幹早生,台東縣,太麻里鄉
水果,7,荔枝,黑葉,新竹市,香山區
水果,7,荔枝,黑葉,台中市,神岡區
水果,7,荔枝,黑葉,台中市,霧峰區
水果,7,荔枝,黑葉,台中市,太平區
水果,7,荔枝,黑葉,彰化縣,芬園鄉
水果,7,荔枝,黑葉,彰化縣,彰化市
水果,7,荔枝,黑葉,南投縣,草屯鎮
水果,7,荔枝,黑葉,南投縣,南投市
水果,7,荔枝,黑葉,嘉義縣,竹崎鄉
水果,7,荔枝,黑葉,高雄市,杉林區
水果,7,荔枝,黑葉,高雄市,旗山區
水果,7,荔枝,黑葉,高雄市,大樹區
水果,7,荔枝,糯米茲及淮荔,台中市,太平區
水果,7,荔枝,糯米茲及淮荔,南投縣,南投市
水果,7,荔枝,糯米茲及淮荔,南投縣,集集鎮
水果,7,荔枝,糯米茲及淮荔,南投縣,水里鄉
水果,7,檸檬,,屏東縣,九如鄉
水果,7,檸檬,,屏東縣,里港鄉
水果,7,檸檬,,屏東縣,高樹鄉
水果,7,香蕉,北蕉及新北蕉,南投縣,水里鄉
水果,7,香蕉,北蕉及新北蕉,南投縣,中寮鄉
水果,7,香蕉,北蕉及新北蕉,南投縣,國姓鄉
水果,7,香蕉,北蕉及新北蕉,南投縣,南投市
水果,7,香蕉,北蕉及新北蕉,高雄市,旗山區
水果,7,香蕉,北蕉及新北蕉,高雄市,美濃區
水果,7,香蕉,北蕉及新北蕉,屏東縣,高樹鄉
水果,7,香蕉,北蕉及新北蕉,屏東縣,新埤鄉
水果,7,香蕉,北蕉及新北蕉,屏東縣,里港鄉
水果,7,木瓜,台農2號,南投縣,草屯鎮
水果,7,木瓜,台農2號,雲林縣,林內鄉
水果,7,木瓜,台農2號,嘉義縣,中埔鄉
水果,7,木瓜,台農2號,台南市,大內區
水果,7,木瓜,台農2號,台南市,南化區
水果,7,木瓜,台農2號,台南市,玉井區
水果,7,木瓜,台農2號,台南市,楠西區
水果,7,木瓜,台農2號,高雄市,美濃區
水果,7,木瓜,台農2號,屏東縣,新埤鄉
水果,7,木瓜,台農2號,屏東縣,高樹鄉
水果,7,木瓜,台農2號,屏東縣,長治鄉
水果,7,木瓜,台農2號,屏東縣,萬巒鄉
水果,7,鳳梨,台農4，6，13，17號,彰化縣,芬園鄉
水果,7,鳳梨,台農4，6，13，17號,南投縣,名間鄉
水果,7,鳳梨,台農4，6，13，17號,雲林縣,古坑鄉
水果,7,鳳梨,台農4，6，13，17號,嘉義縣,民雄鄉
水果,7,鳳梨,台農4，6，13，17號,台南市,關廟區
水果,7,鳳梨,台農4，6，13，17號,台南市,山上區
水果,7,鳳梨,台農4，6，13，17號,台南市,新化區
水果,7,鳳梨,台農4，6，13，17號,高雄市,大樹區
水果,7,鳳梨,台農4，6，13，17號,屏東縣,萬巒鄉
水果,7,鳳梨,台農4，6，13，17號,屏東縣,內埔鄉
水果,7,鳳梨,台農4，6，13，17號,屏東縣,高樹鄉
水果,7,鳳梨,台農4，6，13，17號,屏東縣,新埤鄉
水果,7,鳳梨,台農11，16，18，19，20，21號及開英品種,彰化縣,芬園鄉
水果,7,鳳梨,台農11，16，18，19，20，21號及開英品種,南投縣,名間鄉
水果,7,鳳梨,台農11，16，18，19，20，21號及開英品種,雲林縣,古坑鄉
水果,7,鳳梨,台農11，16，18，19，20，21號及開英品種,嘉義縣,民雄鄉
水果,7,鳳梨,台農11，16，18，19，20，21號及開英品種,台南市,山上區
水果,7,鳳梨,台農11，16，18，19，20，21號及開英品種,台南市,關廟區
水果,7,鳳梨,台農11，16，18，19，20，21號及開英品種,台南市,新化區
水果,7,鳳梨,台農11，16，18，19，20，21號及開英品種,高雄市,大樹區
水果,7,鳳梨,台農11，16，18，19，20，21號及開英品種,屏東縣,新埤鄉
水果,7,鳳梨,台農11，16，18，19，20，21號及開英品種,屏東縣,高樹鄉
水果,7,鳳梨,台農11，16，18，19，20，21號及開英品種,屏東縣,內埔鄉
水果,7,鳳梨,台農11，16，18，19，20，21號及開英品種,屏東縣,萬巒鄉
水果,7,葡萄,巨峰,苗栗縣,卓蘭鎮
水果,7,葡萄,巨峰,台中市,豐原區
水果,7,葡萄,巨峰,台中市,石岡區
水果,7,葡萄,巨峰,台中市,東勢區
水果,7,葡萄,巨峰,台中市,新社區
水果,7,葡萄,巨峰,彰化縣,員林鎮
水果,7,葡萄,巨峰,彰化縣,埔心鄉
水果,7,葡萄,巨峰,彰化縣,大村鄉
水果,7,葡萄,巨峰,彰化縣,溪湖鎮
水果,7,葡萄,巨峰,南投縣,竹山鎮
水果,7,葡萄,巨峰,南投縣,信義鄉
水果,7,葡萄,巨峰,南投縣,水里鄉
水果,7,葡萄,蜜紅,彰化縣,埔心鄉
水果,7,葡萄,蜜紅,彰化縣,大村鄉
水果,7,溫帶梨,20世紀、福壽、雪梨,台中市,和平區
水果,7,溫帶梨,20世紀、福壽、雪梨,南投縣,仁愛鄉
水果,7,酪梨,嘉選1號、嘉選2號、嘉選3號、嘉選4號、清進1號、清進2號、章安、秋可得、厚兒,台南市,麻豆區
水果,7,酪梨,嘉選1號、嘉選2號、嘉選3號、嘉選4號、清進1號、清進2號、章安、秋可得、厚兒,台南市,佳里區
水果,7,酪梨,嘉選1號、嘉選2號、嘉選3號、嘉選4號、清進1號、清進2號、章安、秋可得、厚兒,台南市,大內區
水果,8,番荔枝,大麟種、軟枝種,台南市,歸仁區
水果,8,番荔枝,大麟種、軟枝種,台東縣,太麻里鄉
水果,8,番荔枝,大麟種、軟枝種,台東縣,東河鄉
水果,8,番荔枝,大麟種、軟枝種,台東縣,台東市
水果,8,番荔枝,大麟種、軟枝種,台東縣,卑南鄉
水果,8,番荔枝,鳳梨釋迦,台東縣,台東市
水果,8,番荔枝,鳳梨釋迦,台東縣,卑南鄉
水果,8,番荔枝,鳳梨釋迦,台東縣,東河鄉
水果,8,番荔枝,鳳梨釋迦,台東縣,太麻里鄉
水果,8,龍眼,青殼、紅殼、粉殼,台中市,太平區
水果,8,龍眼,青殼、紅殼、粉殼,台中市,大里區
水果,8,龍眼,青殼、紅殼、粉殼,台中市,霧峰區
水果,8,龍眼,青殼、紅殼、粉殼,南投縣,南投市
水果,8,龍眼,青殼、紅殼、粉殼,南投縣,中寮鄉
水果,8,龍眼,青殼、紅殼、粉殼,嘉義縣,竹崎鄉
水果,8,龍眼,青殼、紅殼、粉殼,台南市,龍崎區
水果,8,龍眼,青殼、紅殼、粉殼,台南市,六甲區
水果,8,龍眼,青殼、紅殼、粉殼,台南市,東山區
水果,8,龍眼,青殼、紅殼、粉殼,台南市,南化區
水果,8,龍眼,青殼、紅殼、粉殼,台南市,楠西區
水果,8,龍眼,青殼、紅殼、粉殼,高雄市,田寮區
水果,8,龍眼,青殼、紅殼、粉殼,高雄市,內門區
水果,8,楊桃,馬來種、二林種、秤錘種、青乾種、紅龍、台農2號,苗栗縣,卓蘭鎮
水果,8,楊桃,馬來種、二林種、秤錘種、青乾種、紅龍、台農2號,台南市,楠西區
水果,8,楊桃,馬來種、二林種、秤錘種、青乾種、紅龍、台農2號,屏東縣,里港鄉
水果,8,高接梨,新興、豐水、幸水,苗栗縣,卓蘭鎮
水果,8,高接梨,新興、豐水、幸水,苗栗縣,三灣鄉
水果,8,高接梨,新興、豐水、幸水,苗栗縣,大湖鄉
水果,8,高接梨,新興、豐水、幸水,台中市,石岡區
水果,8,高接梨,新興、豐水、幸水,台中市,后里區
水果,8,高接梨,新興、豐水、幸水,台中市,新社區
水果,8,高接梨,新興、豐水、幸水,台中市,東勢區
水果,8,高接梨,新興、豐水、幸水,嘉義縣,竹崎鄉
水果,8,高接梨,新興、豐水、幸水,宜蘭縣,冬山鄉
水果,8,高接梨,新興、豐水、幸水,宜蘭縣,三星鄉
水果,8,番石榴,珍珠種、世紀種,彰化縣,溪州鄉
水果,8,番石榴,珍珠種、世紀種,彰化縣,社頭鄉
水果,8,番石榴,珍珠種、世紀種,台南市,楠西區
水果,8,番石榴,珍珠種、世紀種,台南市,玉井區
水果,8,番石榴,珍珠種、世紀種,高雄市,大社區
水果,8,番石榴,珍珠種、世紀種,高雄市,燕巢區
水果,8,番石榴,珍珠種、世紀種,高雄市,阿蓮區
水果,8,文旦柚,麻豆文旦,苗栗縣,三義鄉
水果,8,文旦柚,麻豆文旦,苗栗縣,西湖鄉
水果,8,文旦柚,麻豆文旦,南投縣,中寮鄉
水果,8,文旦柚,麻豆文旦,南投縣,名間鄉
水果,8,文旦柚,麻豆文旦,雲林縣,斗六市
水果,8,文旦柚,麻豆文旦,嘉義縣,竹崎鄉
水果,8,文旦柚,麻豆文旦,台南市,大內區
水果,8,文旦柚,麻豆文旦,台南市,麻豆區
水果,8,文旦柚,麻豆文旦,台東縣,東河鄉
水果,8,文旦柚,麻豆文旦,花蓮縣,壽豐鄉
水果,8,文旦柚,麻豆文旦,花蓮縣,玉里鎮
水果,8,文旦柚,麻豆文旦,花蓮縣,瑞穗鄉
水果,8,文旦柚,麻豆文旦,花蓮縣,富里鄉
水果,8,文旦柚,麻豆文旦,宜蘭縣,冬山鄉
水果,8,檸檬,,屏東縣,里港鄉
水果,8,檸檬,,屏東縣,九如鄉
水果,8,檸檬,,屏東縣,高樹鄉
水果,8,香蕉,北蕉及新北蕉,南投縣,水里鄉
水果,8,香蕉,北蕉及新北蕉,南投縣,中寮鄉
水果,8,香蕉,北蕉及新北蕉,南投縣,國姓鄉
水果,8,香蕉,北蕉及新北蕉,南投縣,南投市
水果,8,香蕉,北蕉及新北蕉,高雄市,美濃區
水果,8,香蕉,北蕉及新北蕉,高雄市,旗山區
水果,8,香蕉,北蕉及新北蕉,屏東縣,高樹鄉
水果,8,香蕉,北蕉及新北蕉,屏東縣,新埤鄉
水果,8,香蕉,北蕉及新北蕉,屏東縣,里港鄉
水果,8,木瓜,台農2號,南投縣,草屯鎮
水果,8,木瓜,台農2號,雲林縣,林內鄉
水果,8,木瓜,台農2號,嘉義縣,中埔鄉
水果,8,木瓜,台農2號,台南市,大內區
水果,8,木瓜,台農2號,台南市,玉井區
水果,8,木瓜,台農2號,台南市,楠西區
水果,8,木瓜,台農2號,台南市,南化區
水果,8,木瓜,台農2號,高雄市,美濃區
水果,8,木瓜,台農2號,屏東縣,新埤鄉
水果,8,木瓜,台農2號,屏東縣,高樹鄉
水果,8,木瓜,台農2號,屏東縣,萬巒鄉
水果,8,木瓜,台農2號,屏東縣,長治鄉
水果,8,鳳梨,台農4，6，13，17號,彰化縣,芬園鄉
水果,8,鳳梨,台農4，6，13，17號,南投縣,名間鄉
水果,8,鳳梨,台農4，6，13，17號,雲林縣,古坑鄉
水果,8,鳳梨,台農4，6，13，17號,嘉義縣,民雄鄉
水果,8,鳳梨,台農4，6，13，17號,台南市,關廟區
水果,8,鳳梨,台農4，6，13，17號,台南市,山上區
水果,8,鳳梨,台農4，6，13，17號,台南市,新化區
水果,8,鳳梨,台農11，16，18，19，20，21號及開英品種,彰化縣,芬園鄉
水果,8,鳳梨,台農11，16，18，19，20，21號及開英品種,南投縣,名間鄉
水果,8,鳳梨,台農11，16，18，19，20，21號及開英品種,雲林縣,古坑鄉
水果,8,鳳梨,台農11，16，18，19，20，21號及開英品種,嘉義縣,民雄鄉
水果,8,鳳梨,台農11，16，18，19，20，21號及開英品種,台南市,山上區
水果,8,鳳梨,台農11，16，18，19，20，21號及開英品種,台南市,關廟區
水果,8,鳳梨,台農11，16，18，19，20，21號及開英品種,台南市,新化區
水果,8,葡萄,巨峰,苗栗縣,卓蘭鎮
水果,8,葡萄,巨峰,台中市,新社區
水果,8,葡萄,巨峰,台中市,石岡區
水果,8,葡萄,巨峰,台中市,東勢區
水果,8,葡萄,巨峰,台中市,豐原區
水果,8,葡萄,巨峰,彰化縣,員林鎮
水果,8,葡萄,巨峰,彰化縣,埔心鄉
水果,8,葡萄,巨峰,彰化縣,溪湖鎮
水果,8,葡萄,巨峰,彰化縣,大村鄉
水果,8,葡萄,巨峰,南投縣,水里鄉
水果,8,葡萄,巨峰,南投縣,信義鄉
水果,8,葡萄,巨峰,南投縣,竹山鎮
水果,8,溫帶梨,20世紀、福壽、雪梨,台中市,和平區
水果,8,溫帶梨,20世紀、福壽、雪梨,南投縣,仁愛鄉
水果,8,柿子,牛心柿(水柿),新竹縣,北埔鄉
水果,8,柿子,牛心柿(水柿),新竹縣,峨眉鄉
水果,8,柿子,牛心柿(水柿),苗栗縣,公館鄉
水果,8,柿子,牛心柿(水柿),苗栗縣,大湖鄉
水果,8,柿子,牛心柿(水柿),台中市,東勢區
水果,8,柿子,牛心柿(水柿),台中市,新社區
水果,8,柿子,牛心柿(水柿),台中市,豐原區
水果,8,柿子,牛心柿(水柿),台中市,后里區
水果,8,柿子,牛心柿(水柿),嘉義縣,番路鄉
水果,8,柿子,四周柿(紅柿),新竹縣,北埔鄉
水果,8,柿子,四周柿(紅柿),新竹縣,峨眉鄉
水果,8,柿子,四周柿(紅柿),苗栗縣,大湖鄉
水果,8,柿子,四周柿(紅柿),苗栗縣,公館鄉
水果,8,柿子,四周柿(紅柿),台中市,豐原區
水果,8,柿子,四周柿(紅柿),台中市,后里區
水果,8,柿子,四周柿(紅柿),台中市,新社區
水果,8,柿子,四周柿(紅柿),台中市,東勢區
水果,8,柿子,四周柿(紅柿),嘉義縣,番路鄉
水果,8,酪梨,嘉選1號、嘉選2號、嘉選3號、嘉選4號、清進1號、清進2號、章安、秋可得、厚兒,台南市,麻豆區
水果,8,酪梨,嘉選1號、嘉選2號、嘉選3號、嘉選4號、清進1號、清進2號、章安、秋可得、厚兒,台南市,佳里區
水果,8,酪梨,嘉選1號、嘉選2號、嘉選3號、嘉選4號、清進1號、清進2號、章安、秋可得、厚兒,台南市,大內區
水果,9,芒果,凱特,台南市,南化區
水果,9,芒果,凱特,台南市,楠西區
水果,9,芒果,凱特,台南市,玉井區
水果,9,芒果,凱特,高雄市,六龜區
水果,9,楊桃,馬來種、二林種、秤錘種、青乾種、紅龍、台農2號,苗栗縣,卓蘭鎮
水果,9,楊桃,馬來種、二林種、秤錘種、青乾種、紅龍、台農2號,台南市,楠西區
水果,9,楊桃,馬來種、二林種、秤錘種、青乾種、紅龍、台農2號,屏東縣,里港鄉
水果,9,番石榴,珍珠種、世紀種,彰化縣,社頭鄉
水果,9,番石榴,珍珠種、世紀種,彰化縣,溪州鄉
水果,9,番石榴,珍珠種、世紀種,台南市,楠西區
水果,9,番石榴,珍珠種、世紀種,台南市,玉井區
水果,9,番石榴,珍珠種、世紀種,高雄市,阿蓮區
水果,9,番石榴,珍珠種、世紀種,高雄市,燕巢區
水果,9,番石榴,珍珠種、世紀種,高雄市,大社區
水果,9,文旦柚,麻豆文旦,苗栗縣,西湖鄉
水果,9,文旦柚,麻豆文旦,苗栗縣,三義鄉
水果,9,文旦柚,麻豆文旦,南投縣,名間鄉
水果,9,文旦柚,麻豆文旦,南投縣,中寮鄉
水果,9,文旦柚,麻豆文旦,雲林縣,斗六市
水果,9,文旦柚,麻豆文旦,嘉義縣,竹崎鄉
